"coords","insects","model","variable","mean","sites","sd"
"NC0429","Bumblebees","IDMSH","V1",2.06737559647678,"NC0429",0.275487958346834
"NC0429","Bumblebees","SOM","V1",0.863939710051227,"NC0429",0.555650398721907
"NC0429","Bumblebees","IDMCO","V1",1.71719581379784,"NC0429",0.458992222659181
"NC0429","Bumblebees","IGSH","V1",1.87094250371169,"NC0429",0.377152400633914
"NC0429","Bumblebees","IGCO","V1",2.02585977588343,"NC0429",0.334601038958818
"NC0429","Hoverflies","IDMSH","V1",1.60589226738981,"NC0429",0.690413621361032
"NC0429","Hoverflies","SOM","V1",1.00153729179023,"NC0429",0.615207987889649
"NC0429","Hoverflies","IDMCO","V1",1.61465980336805,"NC0429",0.624173606143772
"NC0429","Hoverflies","IGSH","V1",1.11379190927394,"NC0429",0.474835217750754
"NC0429","Hoverflies","IGCO","V1",0.32968615713669,"NC0429",0.367666740913266
"NC0429","Solitary bees","IDMSH","V1",1.5528151051584,"NC0429",0.589691449690121
"NC0429","Solitary bees","SOM","V1",1.8599383505957,"NC0429",0.762540563477821
"NC0429","Solitary bees","IDMCO","V1",1.79223795569602,"NC0429",0.654734945967271
"NC0429","Solitary bees","IGSH","V1",0.347268538678046,"NC0429",0.393785869163979
"NC0429","Solitary bees","IGCO","V1",2.47887665281225,"NC0429",0.598817022764816
"NC2313","Bumblebees","IDMSH","V2",2.07446134420411,"NC2313",0.284859841947175
"NC2313","Bumblebees","SOM","V2",0.887095599053235,"NC2313",0.548511562470285
"NC2313","Bumblebees","IDMCO","V2",1.72163657205784,"NC2313",0.466374843117008
"NC2313","Bumblebees","IGSH","V2",1.91092706334948,"NC2313",0.36637161158624
"NC2313","Bumblebees","IGCO","V2",2.07126039530425,"NC2313",0.317722638903393
"NC2313","Hoverflies","IDMSH","V2",1.25773189402088,"NC2313",0.857161069332907
"NC2313","Hoverflies","SOM","V2",0.924187196248695,"NC2313",0.595259766969322
"NC2313","Hoverflies","IDMCO","V2",1.65657475097429,"NC2313",0.614683502409977
"NC2313","Hoverflies","IGSH","V2",1.17503266243827,"NC2313",0.476235879006815
"NC2313","Hoverflies","IGCO","V2",0.634425233427441,"NC2313",0.51612305701944
"NC2313","Solitary bees","IDMSH","V2",1.53584239012882,"NC2313",0.621175126776813
"NC2313","Solitary bees","SOM","V2",1.95333850950955,"NC2313",0.7433968159333
"NC2313","Solitary bees","IDMCO","V2",1.79477419834869,"NC2313",0.688989713279458
"NC2313","Solitary bees","IGSH","V2",0.373606164251096,"NC2313",0.433719014746677
"NC2313","Solitary bees","IGCO","V2",2.46847969191819,"NC2313",0.625955596221868
"NC5762","Bumblebees","IDMSH","V3",2.00666723263075,"NC5762",0.314106017501304
"NC5762","Bumblebees","SOM","V3",0.886744403704708,"NC5762",0.540124786795491
"NC5762","Bumblebees","IDMCO","V3",1.67347092103906,"NC5762",0.481800180398868
"NC5762","Bumblebees","IGSH","V3",1.71616159345382,"NC5762",0.42809142379177
"NC5762","Bumblebees","IGCO","V3",1.86240548172371,"NC5762",0.406002760548237
"NC5762","Hoverflies","IDMSH","V3",1.57254003710796,"NC5762",0.777874413273259
"NC5762","Hoverflies","SOM","V3",1.08452737849938,"NC5762",0.647352703129682
"NC5762","Hoverflies","IDMCO","V3",1.73044799693367,"NC5762",0.619392259345168
"NC5762","Hoverflies","IGSH","V3",1.20494320797954,"NC5762",0.471104775557499
"NC5762","Hoverflies","IGCO","V3",0.647532729107595,"NC5762",0.48752191809672
"NC5762","Solitary bees","IDMSH","V3",1.49513876351841,"NC5762",0.602427873569994
"NC5762","Solitary bees","SOM","V3",1.918264604663,"NC5762",0.714997281792183
"NC5762","Solitary bees","IDMCO","V3",1.75178134918082,"NC5762",0.665161873095058
"NC5762","Solitary bees","IGSH","V3",0.367265976464451,"NC5762",0.423277592463233
"NC5762","Solitary bees","IGCO","V3",2.43430731398808,"NC5762",0.614973486413202
"NC7158","Bumblebees","IDMSH","V4",2.04291777003436,"NC7158",0.293472654607743
"NC7158","Bumblebees","SOM","V4",0.870206952232342,"NC7158",0.53924353290367
"NC7158","Bumblebees","IDMCO","V4",1.70159987814104,"NC7158",0.469797259026106
"NC7158","Bumblebees","IGSH","V4",1.84956449649237,"NC7158",0.377664473947938
"NC7158","Bumblebees","IGCO","V4",1.99690004921808,"NC7158",0.342036439519376
"NC7158","Hoverflies","IDMSH","V4",1.60852865783588,"NC7158",0.744211125854482
"NC7158","Hoverflies","SOM","V4",0.958925993727827,"NC7158",0.637346723201413
"NC7158","Hoverflies","IDMCO","V4",1.50085179789653,"NC7158",0.589640656341572
"NC7158","Hoverflies","IGSH","V4",0.963585370764309,"NC7158",0.46453420579324
"NC7158","Hoverflies","IGCO","V4",0.25454452376326,"NC7158",0.331258608341459
"NC7158","Solitary bees","IDMSH","V4",1.48971273638852,"NC7158",0.56408957854918
"NC7158","Solitary bees","SOM","V4",1.82057381487741,"NC7158",0.716890200879175
"NC7158","Solitary bees","IDMCO","V4",1.66867431283392,"NC7158",0.63923568498543
"NC7158","Solitary bees","IGSH","V4",0.347994457498649,"NC7158",0.418197928680988
"NC7158","Solitary bees","IGCO","V4",2.50045300897547,"NC7158",0.570642363665749
"NJ0327","Bumblebees","IDMSH","V5",2.14130412088465,"NJ0327",0.212359734632375
"NJ0327","Bumblebees","SOM","V5",0.979306503997384,"NJ0327",0.551195638850231
"NJ0327","Bumblebees","IDMCO","V5",1.7334445162897,"NJ0327",0.455450936790146
"NJ0327","Bumblebees","IGSH","V5",1.82059857442235,"NJ0327",0.395742048299546
"NJ0327","Bumblebees","IGCO","V5",1.99430105968001,"NJ0327",0.352468644945958
"NJ0327","Hoverflies","IDMSH","V5",1.93953207714145,"NJ0327",0.671615870589404
"NJ0327","Hoverflies","SOM","V5",1.02695476983368,"NJ0327",0.686715623583788
"NJ0327","Hoverflies","IDMCO","V5",1.50489025498369,"NJ0327",0.58588639158942
"NJ0327","Hoverflies","IGSH","V5",0.914912141242893,"NJ0327",0.45591314363399
"NJ0327","Hoverflies","IGCO","V5",0.229884337213157,"NJ0327",0.298583152918889
"NJ0327","Solitary bees","IDMSH","V5",1.64932420353104,"NJ0327",0.532162405986009
"NJ0327","Solitary bees","SOM","V5",1.76532242607026,"NJ0327",0.702771946856993
"NJ0327","Solitary bees","IDMCO","V5",1.77118436622842,"NJ0327",0.613166965886126
"NJ0327","Solitary bees","IGSH","V5",0.204548245846125,"NJ0327",0.287172192126705
"NJ0327","Solitary bees","IGCO","V5",2.43082448425956,"NJ0327",0.630963848329924
"NJ6415","Bumblebees","IDMSH","V6",2.13614524799267,"NJ6415",0.236386829034957
"NJ6415","Bumblebees","SOM","V6",0.92769444443029,"NJ6415",0.576741564135743
"NJ6415","Bumblebees","IDMCO","V6",1.76881632834942,"NJ6415",0.466457419183859
"NJ6415","Bumblebees","IGSH","V6",1.81847603367437,"NJ6415",0.412288982140584
"NJ6415","Bumblebees","IGCO","V6",1.97657275995788,"NJ6415",0.384980067855887
"NJ6415","Hoverflies","IDMSH","V6",1.72555259473054,"NJ6415",0.729333553339463
"NJ6415","Hoverflies","SOM","V6",1.12712142294986,"NJ6415",0.734590467154832
"NJ6415","Hoverflies","IDMCO","V6",1.28991275751559,"NJ6415",0.590548166733331
"NJ6415","Hoverflies","IGSH","V6",0.68425655144909,"NJ6415",0.439118835143964
"NJ6415","Hoverflies","IGCO","V6",0.197770943018043,"NJ6415",0.282540910629912
"NJ6415","Solitary bees","IDMSH","V6",1.7055686805573,"NJ6415",0.585687822289076
"NJ6415","Solitary bees","SOM","V6",2.0261521679939,"NJ6415",0.751643843694528
"NJ6415","Solitary bees","IDMCO","V6",1.71422424623802,"NJ6415",0.6499167817511
"NJ6415","Solitary bees","IGSH","V6",0.197108991738504,"NJ6415",0.272094432866038
"NJ6415","Solitary bees","IGCO","V6",2.21941701590728,"NJ6415",0.701588750255695
"NJ7638","Bumblebees","IDMSH","V7",2.1302623038286,"NJ7638",0.221177791724602
"NJ7638","Bumblebees","SOM","V7",0.920048163648264,"NJ7638",0.569966897212621
"NJ7638","Bumblebees","IDMCO","V7",1.71110232168658,"NJ7638",0.469839202899209
"NJ7638","Bumblebees","IGSH","V7",1.70450749812782,"NJ7638",0.43166130888958
"NJ7638","Bumblebees","IGCO","V7",1.86541970852588,"NJ7638",0.406554188146648
"NJ7638","Hoverflies","IDMSH","V7",2.19903582902802,"NJ7638",0.594858434392231
"NJ7638","Hoverflies","SOM","V7",1.33626830008731,"NJ7638",0.699681047460919
"NJ7638","Hoverflies","IDMCO","V7",1.12712687350543,"NJ7638",0.577426952527048
"NJ7638","Hoverflies","IGSH","V7",0.624656584307925,"NJ7638",0.422854974590228
"NJ7638","Hoverflies","IGCO","V7",0.232562779598526,"NJ7638",0.334921272698188
"NJ7638","Solitary bees","IDMSH","V7",1.67685786944831,"NJ7638",0.593019445573086
"NJ7638","Solitary bees","SOM","V7",2.02561574460564,"NJ7638",0.713495660337903
"NJ7638","Solitary bees","IDMCO","V7",1.91837411655902,"NJ7638",0.6520003812115
"NJ7638","Solitary bees","IGSH","V7",0.36707462042158,"NJ7638",0.390026454146877
"NJ7638","Solitary bees","IGCO","V7",2.64940806177617,"NJ7638",0.54767358998015
"NN5527","Bumblebees","IDMSH","V8",2.14362766861646,"NN5527",0.241466451182814
"NN5527","Bumblebees","SOM","V8",1.04760210314204,"NN5527",0.568914435406866
"NN5527","Bumblebees","IDMCO","V8",1.7448545269628,"NN5527",0.484218959106558
"NN5527","Bumblebees","IGSH","V8",1.88307119779664,"NN5527",0.407505417441378
"NN5527","Bumblebees","IGCO","V8",2.05250624804753,"NN5527",0.371653612441762
"NN5527","Hoverflies","IDMSH","V8",1.97717271796939,"NN5527",0.761611464002776
"NN5527","Hoverflies","SOM","V8",0.943186233973136,"NN5527",0.672085100879862
"NN5527","Hoverflies","IDMCO","V8",1.58003504038843,"NN5527",0.595852144595287
"NN5527","Hoverflies","IGSH","V8",0.968503687334097,"NN5527",0.475854526555819
"NN5527","Hoverflies","IGCO","V8",0.49203581952278,"NN5527",0.396792164119289
"NN5527","Solitary bees","IDMSH","V8",1.66833906829696,"NN5527",0.66029427559985
"NN5527","Solitary bees","SOM","V8",2.30359156431241,"NN5527",0.685823874518559
"NN5527","Solitary bees","IDMCO","V8",1.98340169035087,"NN5527",0.620292335542095
"NN5527","Solitary bees","IGSH","V8",0.353680648501284,"NN5527",0.400334766507095
"NN5527","Solitary bees","IGCO","V8",2.71632294761806,"NN5527",0.587083617252049
"NN6693","Bumblebees","IDMSH","V9",2.12415547730647,"NN6693",0.255958188819121
"NN6693","Bumblebees","SOM","V9",0.990871892619548,"NN6693",0.557073372376138
"NN6693","Bumblebees","IDMCO","V9",1.7580578385899,"NN6693",0.466870786318437
"NN6693","Bumblebees","IGSH","V9",1.92263042644354,"NN6693",0.383916882586086
"NN6693","Bumblebees","IGCO","V9",2.0927204382702,"NN6693",0.341962104737515
"NN6693","Hoverflies","IDMSH","V9",1.97181957396944,"NN6693",0.768162379143723
"NN6693","Hoverflies","SOM","V9",0.862276260048348,"NN6693",0.656309089557494
"NN6693","Hoverflies","IDMCO","V9",1.66746696333836,"NN6693",0.650834300886606
"NN6693","Hoverflies","IGSH","V9",1.07023809812368,"NN6693",0.47982123675956
"NN6693","Hoverflies","IGCO","V9",0.31673993543523,"NN6693",0.374394708318091
"NN6693","Solitary bees","IDMSH","V9",1.66703482271598,"NN6693",0.628532283730977
"NN6693","Solitary bees","SOM","V9",2.13907078266957,"NN6693",0.759451618255502
"NN6693","Solitary bees","IDMCO","V9",0.952453402049267,"NN6693",0.631663990284552
"NN6693","Solitary bees","IGSH","V9",0.201762894456114,"NN6693",0.303682037648444
"NN6693","Solitary bees","IGCO","V9",1.21198575419442,"NN6693",0.682676669515818
"NN7911","Bumblebees","IDMSH","V10",2.12440393330821,"NN7911",0.231378271051738
"NN7911","Bumblebees","SOM","V10",1.05032353176327,"NN7911",0.574769540761973
"NN7911","Bumblebees","IDMCO","V10",1.7589010534857,"NN7911",0.447360465693214
"NN7911","Bumblebees","IGSH","V10",2.01439317290409,"NN7911",0.360095315229762
"NN7911","Bumblebees","IGCO","V10",2.19805705139634,"NN7911",0.291065846245671
"NN7911","Hoverflies","IDMSH","V10",1.80483887560125,"NN7911",0.774444446551766
"NN7911","Hoverflies","SOM","V10",1.18273386992445,"NN7911",0.704900713240661
"NN7911","Hoverflies","IDMCO","V10",1.71725309492122,"NN7911",0.657584139171386
"NN7911","Hoverflies","IGSH","V10",1.13594303473961,"NN7911",0.460721403501564
"NN7911","Hoverflies","IGCO","V10",0.404949521881332,"NN7911",0.437910149069484
"NN7911","Solitary bees","IDMSH","V10",1.80938880990572,"NN7911",0.636647145102089
"NN7911","Solitary bees","SOM","V10",2.30662218878993,"NN7911",0.74061402031946
"NN7911","Solitary bees","IDMCO","V10",2.0488043140221,"NN7911",0.711400365042222
"NN7911","Solitary bees","IGSH","V10",0.38369773391403,"NN7911",0.423755251555132
"NN7911","Solitary bees","IGCO","V10",2.72466206679039,"NN7911",0.602665196587339
"NN8369","Bumblebees","IDMSH","V11",2.10191903610122,"NN8369",0.280543429064502
"NN8369","Bumblebees","SOM","V11",0.97319957738933,"NN8369",0.574029006962282
"NN8369","Bumblebees","IDMCO","V11",1.73607630072213,"NN8369",0.469175919983357
"NN8369","Bumblebees","IGSH","V11",1.87914653821785,"NN8369",0.417585052877165
"NN8369","Bumblebees","IGCO","V11",2.05094113044019,"NN8369",0.384580592509909
"NN8369","Hoverflies","IDMSH","V11",1.42333133089292,"NN8369",0.835535159027936
"NN8369","Hoverflies","SOM","V11",1.14170195379385,"NN8369",0.676186782988841
"NN8369","Hoverflies","IDMCO","V11",1.47649385121634,"NN8369",0.632922873725694
"NN8369","Hoverflies","IGSH","V11",0.962286588152774,"NN8369",0.477855405124086
"NN8369","Hoverflies","IGCO","V11",0.23613209819505,"NN8369",0.334032826815667
"NN8369","Solitary bees","IDMSH","V11",1.70203466076195,"NN8369",0.642724546324595
"NN8369","Solitary bees","SOM","V11",2.19118313825804,"NN8369",0.729890819694444
"NN8369","Solitary bees","IDMCO","V11",1.8448429211503,"NN8369",0.691302987964344
"NN8369","Solitary bees","IGSH","V11",0.31907576382299,"NN8369",0.387254006166584
"NN8369","Solitary bees","IGCO","V11",2.5174090648449,"NN8369",0.676684238205358
"NN8664","Bumblebees","IDMSH","V12",2.15932585516539,"NN8664",0.246338302966491
"NN8664","Bumblebees","SOM","V12",1.00854059085166,"NN8664",0.555829141178725
"NN8664","Bumblebees","IDMCO","V12",1.79282822871336,"NN8664",0.45821329268203
"NN8664","Bumblebees","IGSH","V12",1.97733163993211,"NN8664",0.36535101680098
"NN8664","Bumblebees","IGCO","V12",2.16645411747009,"NN8664",0.296783487849736
"NN8664","Hoverflies","IDMSH","V12",1.8453314167006,"NN8664",0.687472262279647
"NN8664","Hoverflies","SOM","V12",1.19980729449009,"NN8664",0.682442583880886
"NN8664","Hoverflies","IDMCO","V12",1.33596067793576,"NN8664",0.611172594343699
"NN8664","Hoverflies","IGSH","V12",0.826248307578811,"NN8664",0.429015534120234
"NN8664","Hoverflies","IGCO","V12",0.294251709439647,"NN8664",0.355930830463075
"NN8664","Solitary bees","IDMSH","V12",1.74570391195573,"NN8664",0.635832447443437
"NN8664","Solitary bees","SOM","V12",2.25879975843637,"NN8664",0.724232472641102
"NN8664","Solitary bees","IDMCO","V12",1.71692985257462,"NN8664",0.713743084806404
"NN8664","Solitary bees","IGSH","V12",0.188013667790244,"NN8664",0.274799259861085
"NN8664","Solitary bees","IGCO","V12",2.29873342867314,"NN8664",0.713648553121908
"NO7495","Bumblebees","IDMSH","V13",2.12556418200919,"NO7495",0.220679410218332
"NO7495","Bumblebees","SOM","V13",0.993293877395035,"NO7495",0.557484924680895
"NO7495","Bumblebees","IDMCO","V13",1.72955827411198,"NO7495",0.447312086620325
"NO7495","Bumblebees","IGSH","V13",1.9731664094011,"NO7495",0.355693073202866
"NO7495","Bumblebees","IGCO","V13",2.15111010189688,"NO7495",0.292496528531264
"NO7495","Hoverflies","IDMSH","V13",2.48892787720099,"NO7495",0.580156460432612
"NO7495","Hoverflies","SOM","V13",1.28857941603289,"NO7495",0.704623244352197
"NO7495","Hoverflies","IDMCO","V13",1.29350301689165,"NO7495",0.59782754168841
"NO7495","Hoverflies","IGSH","V13",0.720711891238553,"NO7495",0.405884918946338
"NO7495","Hoverflies","IGCO","V13",0.251252245825309,"NO7495",0.332498672553522
"NO7495","Solitary bees","IDMSH","V13",1.66616313695287,"NO7495",0.527323728816107
"NO7495","Solitary bees","SOM","V13",1.68102693158569,"NO7495",0.760731982611797
"NO7495","Solitary bees","IDMCO","V13",1.75332454950319,"NO7495",0.634894234016293
"NO7495","Solitary bees","IGSH","V13",0.183213040726605,"NO7495",0.267640883608902
"NO7495","Solitary bees","IGCO","V13",2.42747888419827,"NO7495",0.650082612058011
"NS2366","Bumblebees","IDMSH","V14",2.12899181743517,"NS2366",0.243243349122971
"NS2366","Bumblebees","SOM","V14",1.0603283943771,"NS2366",0.568373182186453
"NS2366","Bumblebees","IDMCO","V14",1.72733634814679,"NS2366",0.461066773404486
"NS2366","Bumblebees","IGSH","V14",1.99300815069545,"NS2366",0.383076933409215
"NS2366","Bumblebees","IGCO","V14",2.1880750442543,"NS2366",0.321264822641999
"NS2366","Hoverflies","IDMSH","V14",1.32187628108049,"NS2366",0.841246152809826
"NS2366","Hoverflies","SOM","V14",1.18558823352194,"NS2366",0.713092940679083
"NS2366","Hoverflies","IDMCO","V14",1.49457147278193,"NS2366",0.595280892019089
"NS2366","Hoverflies","IGSH","V14",0.866868805891399,"NS2366",0.464488154937585
"NS2366","Hoverflies","IGCO","V14",0.254320136733939,"NS2366",0.307927970704818
"NS2366","Solitary bees","IDMSH","V14",1.81031442974404,"NS2366",0.644147743790432
"NS2366","Solitary bees","SOM","V14",2.35600936389002,"NS2366",0.750354667103371
"NS2366","Solitary bees","IDMCO","V14",1.74774098433392,"NS2366",0.7430418755835
"NS2366","Solitary bees","IGSH","V14",0.201491134402148,"NS2366",0.284223147124777
"NS2366","Solitary bees","IGCO","V14",2.28212186975054,"NS2366",0.760007605886128
"NS4085","Bumblebees","IDMSH","V15",2.15399832111816,"NS4085",0.239034304203924
"NS4085","Bumblebees","SOM","V15",1.04765294809671,"NS4085",0.566805213753275
"NS4085","Bumblebees","IDMCO","V15",1.76317094289075,"NS4085",0.455452527063648
"NS4085","Bumblebees","IGSH","V15",2.04438532799057,"NS4085",0.353797278761167
"NS4085","Bumblebees","IGCO","V15",2.22920157093643,"NS4085",0.285806452817978
"NS4085","Hoverflies","IDMSH","V15",1.50598947573371,"NS4085",0.759874981894841
"NS4085","Hoverflies","SOM","V15",0.978501116900219,"NS4085",0.664258707597403
"NS4085","Hoverflies","IDMCO","V15",1.20164467152456,"NS4085",0.629768310031038
"NS4085","Hoverflies","IGSH","V15",0.815948938248275,"NS4085",0.44574971241013
"NS4085","Hoverflies","IGCO","V15",0.366756631435671,"NS4085",0.385234343483849
"NS4085","Solitary bees","IDMSH","V15",1.81584198310062,"NS4085",0.652369624115496
"NS4085","Solitary bees","SOM","V15",2.30929162047001,"NS4085",0.772673590589972
"NS4085","Solitary bees","IDMCO","V15",2.07554566194904,"NS4085",0.684795436934285
"NS4085","Solitary bees","IGSH","V15",0.363775212301839,"NS4085",0.389184683220123
"NS4085","Solitary bees","IGCO","V15",2.68337817847728,"NS4085",0.639545216041298
"NS5873","Bumblebees","IDMSH","V16",2.14834635678582,"NS5873",0.242228629210929
"NS5873","Bumblebees","SOM","V16",1.06703775037889,"NS5873",0.56703666700864
"NS5873","Bumblebees","IDMCO","V16",1.7514935188227,"NS5873",0.453600111271555
"NS5873","Bumblebees","IGSH","V16",2.05068427420727,"NS5873",0.356967435616595
"NS5873","Bumblebees","IGCO","V16",2.24364310782829,"NS5873",0.279362383503603
"NS5873","Hoverflies","IDMSH","V16",1.5309107156442,"NS5873",0.882303084406291
"NS5873","Hoverflies","SOM","V16",1.130695956137,"NS5873",0.664582980579002
"NS5873","Hoverflies","IDMCO","V16",1.29529164077482,"NS5873",0.648062472478423
"NS5873","Hoverflies","IGSH","V16",0.796674505069088,"NS5873",0.441193433638892
"NS5873","Hoverflies","IGCO","V16",0.342709631267131,"NS5873",0.369233118744411
"NS5873","Solitary bees","IDMSH","V16",1.70445751554545,"NS5873",0.609442628506706
"NS5873","Solitary bees","SOM","V16",2.31218132931661,"NS5873",0.713948099443179
"NS5873","Solitary bees","IDMCO","V16",1.66136749537975,"NS5873",0.797526755688118
"NS5873","Solitary bees","IGSH","V16",0.206777251982939,"NS5873",0.29858092023746
"NS5873","Solitary bees","IGCO","V16",2.27866528549861,"NS5873",0.773426470370658
"NS9052","Bumblebees","IDMSH","V17",2.16223946647686,"NS9052",0.213943794510205
"NS9052","Bumblebees","SOM","V17",1.09517948793058,"NS9052",0.563336727996004
"NS9052","Bumblebees","IDMCO","V17",1.78588603414256,"NS9052",0.445361546555059
"NS9052","Bumblebees","IGSH","V17",2.05186870871127,"NS9052",0.348944639814933
"NS9052","Bumblebees","IGCO","V17",2.25916583448913,"NS9052",0.263783373077238
"NS9052","Hoverflies","IDMSH","V17",2.11948751230837,"NS9052",0.65057983309944
"NS9052","Hoverflies","SOM","V17",1.42690555451768,"NS9052",0.716476068478548
"NS9052","Hoverflies","IDMCO","V17",1.48129660501837,"NS9052",0.665868260769068
"NS9052","Hoverflies","IGSH","V17",0.935965224346096,"NS9052",0.430307889187723
"NS9052","Hoverflies","IGCO","V17",0.271034986058928,"NS9052",0.313035142802989
"NS9052","Solitary bees","IDMSH","V17",1.87720941320459,"NS9052",0.644819973853223
"NS9052","Solitary bees","SOM","V17",2.48118458818194,"NS9052",0.676361875249918
"NS9052","Solitary bees","IDMCO","V17",1.96093016080608,"NS9052",0.765131279818292
"NS9052","Solitary bees","IGSH","V17",0.199689283035997,"NS9052",0.27887180921002
"NS9052","Solitary bees","IGCO","V17",2.57813914379414,"NS9052",0.626851481142296
"NT2023","Bumblebees","IDMSH","V18",2.16762343315177,"NT2023",0.22013278466991
"NT2023","Bumblebees","SOM","V18",1.09957812001288,"NT2023",0.595826640238459
"NT2023","Bumblebees","IDMCO","V18",1.7859070155716,"NT2023",0.447450560003611
"NT2023","Bumblebees","IGSH","V18",2.03658286721512,"NT2023",0.359127394602734
"NT2023","Bumblebees","IGCO","V18",2.24196131247646,"NT2023",0.280125276507249
"NT2023","Hoverflies","IDMSH","V18",1.8307378191671,"NT2023",0.747224245546075
"NT2023","Hoverflies","SOM","V18",1.37146721297629,"NT2023",0.757342065609617
"NT2023","Hoverflies","IDMCO","V18",1.33543665711351,"NT2023",0.627449427670564
"NT2023","Hoverflies","IGSH","V18",0.827863242393909,"NT2023",0.442426459100916
"NT2023","Hoverflies","IGCO","V18",0.195946046725092,"NT2023",0.293594374728663
"NT2023","Solitary bees","IDMSH","V18",1.9172157375507,"NT2023",0.647773473955415
"NT2023","Solitary bees","SOM","V18",2.45914849582303,"NT2023",0.72543851469201
"NT2023","Solitary bees","IDMCO","V18",1.91271606831135,"NT2023",0.728424151549853
"NT2023","Solitary bees","IGSH","V18",0.224400948148677,"NT2023",0.299556419220719
"NT2023","Solitary bees","IGCO","V18",2.54900298471842,"NT2023",0.674062957672847
"NT4470","Bumblebees","IDMSH","V19",2.12798247889937,"NT4470",0.229159658754858
"NT4470","Bumblebees","SOM","V19",1.05929030076583,"NT4470",0.57318117904256
"NT4470","Bumblebees","IDMCO","V19",1.75417032145673,"NT4470",0.455346503635674
"NT4470","Bumblebees","IGSH","V19",2.032052939059,"NT4470",0.360146398146169
"NT4470","Bumblebees","IGCO","V19",2.22488050792373,"NT4470",0.290783579119941
"NT4470","Hoverflies","IDMSH","V19",1.73221584506008,"NT4470",0.794223049195216
"NT4470","Hoverflies","SOM","V19",1.10155409951679,"NT4470",0.681159630391552
"NT4470","Hoverflies","IDMCO","V19",1.29850482699531,"NT4470",0.631198430818033
"NT4470","Hoverflies","IGSH","V19",0.887294805957903,"NT4470",0.450442091649724
"NT4470","Hoverflies","IGCO","V19",0.237161133484955,"NT4470",0.305811027953821
"NT4470","Solitary bees","IDMSH","V19",1.87334548870296,"NT4470",0.649223239645227
"NT4470","Solitary bees","SOM","V19",2.35296031389377,"NT4470",0.758831808927624
"NT4470","Solitary bees","IDMCO","V19",1.7696450243381,"NT4470",0.742857682945657
"NT4470","Solitary bees","IGSH","V19",0.168189296910882,"NT4470",0.258187292279151
"NT4470","Solitary bees","IGCO","V19",2.42580591295371,"NT4470",0.711148475232995
"NT5824","Bumblebees","IDMSH","V20",2.18436664768584,"NT5824",0.204968509633511
"NT5824","Bumblebees","SOM","V20",1.03574657469139,"NT5824",0.601395095919071
"NT5824","Bumblebees","IDMCO","V20",1.81192030106147,"NT5824",0.442366140450238
"NT5824","Bumblebees","IGSH","V20",2.11344699812586,"NT5824",0.328206770927983
"NT5824","Bumblebees","IGCO","V20",2.3063468911716,"NT5824",0.238106493888566
"NT5824","Hoverflies","IDMSH","V20",2.40135767418816,"NT5824",0.616880919987193
"NT5824","Hoverflies","SOM","V20",1.25750138979197,"NT5824",0.794557075591436
"NT5824","Hoverflies","IDMCO","V20",1.24322701706399,"NT5824",0.635608187959547
"NT5824","Hoverflies","IGSH","V20",0.841996387370641,"NT5824",0.43564520990267
"NT5824","Hoverflies","IGCO","V20",0.242683932618729,"NT5824",0.306893259500863
"NT5824","Solitary bees","IDMSH","V20",1.90079878735822,"NT5824",0.595541355204795
"NT5824","Solitary bees","SOM","V20",2.49048889449109,"NT5824",0.653385517340002
"NT5824","Solitary bees","IDMCO","V20",2.04051624448499,"NT5824",0.684274848913136
"NT5824","Solitary bees","IGSH","V20",0.427652743320618,"NT5824",0.452052231443441
"NT5824","Solitary bees","IGCO","V20",2.90625847970515,"NT5824",0.517472610575449
"NX8392","Bumblebees","IDMSH","V21",2.13456402700845,"NX8392",0.232200983850853
"NX8392","Bumblebees","SOM","V21",1.03563875598984,"NX8392",0.605466480447821
"NX8392","Bumblebees","IDMCO","V21",1.77632130067128,"NX8392",0.448371291013998
"NX8392","Bumblebees","IGSH","V21",2.08082946417906,"NX8392",0.358958815505522
"NX8392","Bumblebees","IGCO","V21",2.28541593406395,"NX8392",0.267311729718091
"NX8392","Hoverflies","IDMSH","V21",1.56219932472631,"NX8392",0.813708725221749
"NX8392","Hoverflies","SOM","V21",1.11725491238932,"NX8392",0.749554799818944
"NX8392","Hoverflies","IDMCO","V21",1.49446595255154,"NX8392",0.661461505376221
"NX8392","Hoverflies","IGSH","V21",0.930792421640012,"NX8392",0.461364875592339
"NX8392","Hoverflies","IGCO","V21",0.309724494696077,"NX8392",0.358677805338552
"NX8392","Solitary bees","IDMSH","V21",1.8390773036833,"NX8392",0.712464934855996
"NX8392","Solitary bees","SOM","V21",2.460449717029,"NX8392",0.734330726537547
"NX8392","Solitary bees","IDMCO","V21",2.17786963018007,"NX8392",0.687394230941954
"NX8392","Solitary bees","IGSH","V21",0.392925071473035,"NX8392",0.436849978473396
"NX8392","Solitary bees","IGCO","V21",2.75516559640576,"NX8392",0.607941643319308
"SE1582","Bumblebees","IDMSH","V22",2.09950786210735,"SE1582",0.220696544390367
"SE1582","Bumblebees","SOM","V22",1.06373402791733,"SE1582",0.616667465034805
"SE1582","Bumblebees","IDMCO","V22",1.6747726342538,"SE1582",0.473118051518844
"SE1582","Bumblebees","IGSH","V22",2.01287294526935,"SE1582",0.37910942499717
"SE1582","Bumblebees","IGCO","V22",2.22176575369257,"SE1582",0.30733932206322
"SE1582","Hoverflies","IDMSH","V22",2.16463829995002,"SE1582",0.717269017419734
"SE1582","Hoverflies","SOM","V22",1.56014224649866,"SE1582",0.771586463585339
"SE1582","Hoverflies","IDMCO","V22",1.32360328941052,"SE1582",0.592578724890509
"SE1582","Hoverflies","IGSH","V22",0.746772121186834,"SE1582",0.437893019473187
"SE1582","Hoverflies","IGCO","V22",0.291217393194065,"SE1582",0.330072308773682
"SE1582","Solitary bees","IDMSH","V22",2.03379122692738,"SE1582",0.584304443666001
"SE1582","Solitary bees","SOM","V22",2.31316421156451,"SE1582",0.727420083103655
"SE1582","Solitary bees","IDMCO","V22",2.27238142623767,"SE1582",0.621732966997764
"SE1582","Solitary bees","IGSH","V22",0.233882293272369,"SE1582",0.298082752473756
"SE1582","Solitary bees","IGCO","V22",2.73223991443158,"SE1582",0.602716746299468
"SE1845","Bumblebees","IDMSH","V23",2.06239113097674,"SE1845",0.206215919362031
"SE1845","Bumblebees","SOM","V23",1.08023210443278,"SE1845",0.639935498051109
"SE1845","Bumblebees","IDMCO","V23",1.43028304953237,"SE1845",0.539177328333949
"SE1845","Bumblebees","IGSH","V23",1.59055371382426,"SE1845",0.457637877286355
"SE1845","Bumblebees","IGCO","V23",1.73940867658205,"SE1845",0.471155368008122
"SE1845","Hoverflies","IDMSH","V23",2.25939149489464,"SE1845",0.705575445571203
"SE1845","Hoverflies","SOM","V23",1.2593959272878,"SE1845",0.760850430254547
"SE1845","Hoverflies","IDMCO","V23",1.48846380766828,"SE1845",0.519818106928965
"SE1845","Hoverflies","IGSH","V23",0.863535630228204,"SE1845",0.428185586111373
"SE1845","Hoverflies","IGCO","V23",0.319759549638277,"SE1845",0.373664327970437
"SE1845","Solitary bees","IDMSH","V23",1.79678291162961,"SE1845",0.699661075252705
"SE1845","Solitary bees","SOM","V23",2.03712535364542,"SE1845",0.977128826354265
"SE1845","Solitary bees","IDMCO","V23",2.12318432723588,"SE1845",0.654287476360797
"SE1845","Solitary bees","IGSH","V23",0.244015001382443,"SE1845",0.31858689339576
"SE1845","Solitary bees","IGCO","V23",2.5295051637719,"SE1845",0.645785217127808
"SE1867","Bumblebees","IDMSH","V24",2.1596818398523,"SE1867",0.211725907446728
"SE1867","Bumblebees","SOM","V24",1.05826580396805,"SE1867",0.651139788565512
"SE1867","Bumblebees","IDMCO","V24",1.76623866788179,"SE1867",0.452242323168801
"SE1867","Bumblebees","IGSH","V24",2.01897227512618,"SE1867",0.371758263313867
"SE1867","Bumblebees","IGCO","V24",2.22643725158219,"SE1867",0.313962378312328
"SE1867","Hoverflies","IDMSH","V24",2.36872450182013,"SE1867",0.620051651068141
"SE1867","Hoverflies","SOM","V24",1.34156664467819,"SE1867",0.807187028026867
"SE1867","Hoverflies","IDMCO","V24",1.69788725130288,"SE1867",0.555926178350928
"SE1867","Hoverflies","IGSH","V24",1.12890035994733,"SE1867",0.454463553924806
"SE1867","Hoverflies","IGCO","V24",0.197486388048832,"SE1867",0.300821777397208
"SE1867","Solitary bees","IDMSH","V24",1.99322021425617,"SE1867",0.632788702055745
"SE1867","Solitary bees","SOM","V24",2.17621158415473,"SE1867",0.897975960826298
"SE1867","Solitary bees","IDMCO","V24",2.33492810115196,"SE1867",0.622312251372117
"SE1867","Solitary bees","IGSH","V24",0.414265753781948,"SE1867",0.425937200249555
"SE1867","Solitary bees","IGCO","V24",2.96434777086647,"SE1867",0.521004423550754
"SE9023","Bumblebees","IDMSH","V25",2.07260976795075,"SE9023",0.217211377003269
"SE9023","Bumblebees","SOM","V25",1.11671045726644,"SE9023",0.635887056939512
"SE9023","Bumblebees","IDMCO","V25",1.59193383785144,"SE9023",0.496921430803132
"SE9023","Bumblebees","IGSH","V25",1.8474622906113,"SE9023",0.428539948782419
"SE9023","Bumblebees","IGCO","V25",2.02837005908484,"SE9023",0.408740522732187
"SE9023","Hoverflies","IDMSH","V25",2.06512982270583,"SE9023",0.702149370092456
"SE9023","Hoverflies","SOM","V25",1.15286439649808,"SE9023",0.83926522109187
"SE9023","Hoverflies","IDMCO","V25",1.2109739296932,"SE9023",0.575051691691793
"SE9023","Hoverflies","IGSH","V25",0.67918548711537,"SE9023",0.390466636486323
"SE9023","Hoverflies","IGCO","V25",0.167053854225599,"SE9023",0.266016223685462
"SE9023","Solitary bees","IDMSH","V25",1.81008820624498,"SE9023",0.698325553472871
"SE9023","Solitary bees","SOM","V25",2.5665789373052,"SE9023",0.700733956856703
"SE9023","Solitary bees","IDMCO","V25",2.2781576636249,"SE9023",0.643862277963116
"SE9023","Solitary bees","IGSH","V25",0.417571871097607,"SE9023",0.408211869805552
"SE9023","Solitary bees","IGCO","V25",3.01294903705325,"SE9023",0.501612940063467
"SH4072","Bumblebees","IDMSH","V26",2.07962722432603,"SH4072",0.222998282262243
"SH4072","Bumblebees","SOM","V26",1.14174147710212,"SH4072",0.618380173632484
"SH4072","Bumblebees","IDMCO","V26",1.71517567522939,"SH4072",0.443683779022665
"SH4072","Bumblebees","IGSH","V26",2.12552405597587,"SH4072",0.344536476042356
"SH4072","Bumblebees","IGCO","V26",2.33391550169071,"SH4072",0.255677331845787
"SH4072","Hoverflies","IDMSH","V26",1.27214937905736,"SH4072",0.724020236092623
"SH4072","Hoverflies","SOM","V26",1.41360504512524,"SH4072",0.731747591064638
"SH4072","Hoverflies","IDMCO","V26",1.77984108995055,"SH4072",0.63156600449991
"SH4072","Hoverflies","IGSH","V26",1.14682736780953,"SH4072",0.451019370717904
"SH4072","Hoverflies","IGCO","V26",0.450142151744417,"SH4072",0.410867106760117
"SH4072","Solitary bees","IDMSH","V26",1.96569101276485,"SH4072",0.676559792560057
"SH4072","Solitary bees","SOM","V26",2.6540218829682,"SH4072",0.650489141327977
"SH4072","Solitary bees","IDMCO","V26",2.30714444078075,"SH4072",0.661760860869762
"SH4072","Solitary bees","IGSH","V26",0.441843961885985,"SH4072",0.446945900879592
"SH4072","Solitary bees","IGCO","V26",2.91201371512863,"SH4072",0.572700614369216
"SH4866","Bumblebees","IDMSH","V27",2.05436569508462,"SH4866",0.230175578413441
"SH4866","Bumblebees","SOM","V27",1.14878665005841,"SH4866",0.603843490602007
"SH4866","Bumblebees","IDMCO","V27",1.65488041594891,"SH4866",0.466914836392608
"SH4866","Bumblebees","IGSH","V27",2.05208983784165,"SH4866",0.368905877893761
"SH4866","Bumblebees","IGCO","V27",2.26161569093631,"SH4866",0.296567960650819
"SH4866","Hoverflies","IDMSH","V27",2.17300001667823,"SH4866",0.706550415216032
"SH4866","Hoverflies","SOM","V27",1.40707004753629,"SH4866",0.835624120863436
"SH4866","Hoverflies","IDMCO","V27",1.03659251109859,"SH4866",0.657362828586087
"SH4866","Hoverflies","IGSH","V27",0.760395672218879,"SH4866",0.415010951228021
"SH4866","Hoverflies","IGCO","V27",0.28111139777528,"SH4866",0.348992471166062
"SH4866","Solitary bees","IDMSH","V27",1.56189150841219,"SH4866",0.832802229574768
"SH4866","Solitary bees","SOM","V27",2.71350744100525,"SH4866",0.617347799544316
"SH4866","Solitary bees","IDMCO","V27",1.98954662090196,"SH4866",0.672245614488673
"SH4866","Solitary bees","IGSH","V27",0.22322899468808,"SH4866",0.291253561211135
"SH4866","Solitary bees","IGCO","V27",2.37082552376113,"SH4866",0.703544970716134
"SH5924","Bumblebees","IDMSH","V28",2.02767917438367,"SH5924",0.212025558372197
"SH5924","Bumblebees","SOM","V28",1.07097275644962,"SH5924",0.641131731494523
"SH5924","Bumblebees","IDMCO","V28",1.66734454331398,"SH5924",0.458495563061782
"SH5924","Bumblebees","IGSH","V28",2.00627338451021,"SH5924",0.386799392030905
"SH5924","Bumblebees","IGCO","V28",2.22006516458191,"SH5924",0.319674869719367
"SH5924","Hoverflies","IDMSH","V28",1.75988956459212,"SH5924",0.669331043184203
"SH5924","Hoverflies","SOM","V28",1.23798198262834,"SH5924",0.814554801065901
"SH5924","Hoverflies","IDMCO","V28",1.58955735255619,"SH5924",0.672594350773391
"SH5924","Hoverflies","IGSH","V28",1.03549593518028,"SH5924",0.445792069767453
"SH5924","Hoverflies","IGCO","V28",0.294049312313711,"SH5924",0.320164261878942
"SH5924","Solitary bees","IDMSH","V28",1.83399676345836,"SH5924",0.7117282209021
"SH5924","Solitary bees","SOM","V28",2.56667731381536,"SH5924",0.671477204290896
"SH5924","Solitary bees","IDMCO","V28",2.27217614863413,"SH5924",0.652684523607669
"SH5924","Solitary bees","IGSH","V28",0.287886235059094,"SH5924",0.322350615957963
"SH5924","Solitary bees","IGCO","V28",2.76450728372897,"SH5924",0.596282227922009
"SH7038","Bumblebees","IDMSH","V29",2.02950403730877,"SH7038",0.226587506176616
"SH7038","Bumblebees","SOM","V29",1.13626150135655,"SH7038",0.607784316081911
"SH7038","Bumblebees","IDMCO","V29",1.63115007805247,"SH7038",0.467793290773589
"SH7038","Bumblebees","IGSH","V29",2.00672298597743,"SH7038",0.386907940012041
"SH7038","Bumblebees","IGCO","V29",2.2152845804107,"SH7038",0.318917206165273
"SH7038","Hoverflies","IDMSH","V29",2.03106870711106,"SH7038",0.793866679164599
"SH7038","Hoverflies","SOM","V29",1.37138916308834,"SH7038",0.8232667141425
"SH7038","Hoverflies","IDMCO","V29",1.70994161871,"SH7038",0.607266095247846
"SH7038","Hoverflies","IGSH","V29",1.18704555382655,"SH7038",0.428936515303498
"SH7038","Hoverflies","IGCO","V29",0.51067518731077,"SH7038",0.393748127386127
"SH7038","Solitary bees","IDMSH","V29",1.87172951462403,"SH7038",0.765233741471808
"SH7038","Solitary bees","SOM","V29",2.5686650030209,"SH7038",0.732840498316384
"SH7038","Solitary bees","IDMCO","V29",2.19432777921415,"SH7038",0.642010983544112
"SH7038","Solitary bees","IGSH","V29",0.269604462550975,"SH7038",0.321759840439904
"SH7038","Solitary bees","IGCO","V29",2.70361742571119,"SH7038",0.620487329600233
"SH7148","Bumblebees","IDMSH","V30",2.09934584844371,"SH7148",0.250033484301237
"SH7148","Bumblebees","SOM","V30",1.14648804339341,"SH7148",0.635710192172276
"SH7148","Bumblebees","IDMCO","V30",1.65269437589164,"SH7148",0.486304139224457
"SH7148","Bumblebees","IGSH","V30",1.9648385695517,"SH7148",0.415815132679574
"SH7148","Bumblebees","IGCO","V30",2.17213569749205,"SH7148",0.378388623310588
"SH7148","Hoverflies","IDMSH","V30",1.20840592818854,"SH7148",0.873655679176479
"SH7148","Hoverflies","SOM","V30",1.12330910917498,"SH7148",0.765473052480995
"SH7148","Hoverflies","IDMCO","V30",1.55891781423074,"SH7148",0.626717242729896
"SH7148","Hoverflies","IGSH","V30",1.04525157751035,"SH7148",0.464977384897089
"SH7148","Hoverflies","IGCO","V30",0.275045992954843,"SH7148",0.357228588004287
"SH7148","Solitary bees","IDMSH","V30",1.76916888127006,"SH7148",0.789557992177302
"SH7148","Solitary bees","SOM","V30",2.56272343050943,"SH7148",0.743181214987998
"SH7148","Solitary bees","IDMCO","V30",2.22372920136569,"SH7148",0.688250973399316
"SH7148","Solitary bees","IGSH","V30",0.406977769552623,"SH7148",0.429052273440672
"SH7148","Solitary bees","IGCO","V30",2.78619156564058,"SH7148",0.661160745362934
"SH8170","Bumblebees","IDMSH","V31",2.02542304747567,"SH8170",0.224724743906192
"SH8170","Bumblebees","SOM","V31",1.10879624444651,"SH8170",0.633385188799299
"SH8170","Bumblebees","IDMCO","V31",1.6323297768726,"SH8170",0.472508784041266
"SH8170","Bumblebees","IGSH","V31",1.94184251794684,"SH8170",0.405372932408644
"SH8170","Bumblebees","IGCO","V31",2.15460455327282,"SH8170",0.358641579428108
"SH8170","Hoverflies","IDMSH","V31",2.36743541229333,"SH8170",0.752718387590357
"SH8170","Hoverflies","SOM","V31",1.03990742612841,"SH8170",0.783292488014798
"SH8170","Hoverflies","IDMCO","V31",1.48318137324197,"SH8170",0.628234160470845
"SH8170","Hoverflies","IGSH","V31",0.976668243817058,"SH8170",0.454361838877344
"SH8170","Hoverflies","IGCO","V31",0.272138137134128,"SH8170",0.345008569641738
"SH8170","Solitary bees","IDMSH","V31",1.82110689259341,"SH8170",0.718826505648312
"SH8170","Solitary bees","SOM","V31",2.40068538128868,"SH8170",0.816583853151055
"SH8170","Solitary bees","IDMCO","V31",2.36165889003685,"SH8170",0.580169705948076
"SH8170","Solitary bees","IGSH","V31",0.415223097190972,"SH8170",0.426248118298546
"SH8170","Solitary bees","IGCO","V31",2.95631918118163,"SH8170",0.528714086103232
"SH8207","Bumblebees","IDMSH","V32",2.03684220256953,"SH8207",0.210318399120959
"SH8207","Bumblebees","SOM","V32",1.05916657849223,"SH8207",0.645051684297359
"SH8207","Bumblebees","IDMCO","V32",1.6889655407134,"SH8207",0.446852562641717
"SH8207","Bumblebees","IGSH","V32",2.0514125746199,"SH8207",0.366853339761016
"SH8207","Bumblebees","IGCO","V32",2.26883174624975,"SH8207",0.288704989324317
"SH8207","Hoverflies","IDMSH","V32",2.31919326440719,"SH8207",0.711823378110488
"SH8207","Hoverflies","SOM","V32",1.42661537836003,"SH8207",0.811902206953331
"SH8207","Hoverflies","IDMCO","V32",1.83304987882352,"SH8207",0.615053315942435
"SH8207","Hoverflies","IGSH","V32",1.15068517833863,"SH8207",0.451966101975113
"SH8207","Hoverflies","IGCO","V32",0.429235764455953,"SH8207",0.401234038754017
"SH8207","Solitary bees","IDMSH","V32",1.99463662277884,"SH8207",0.725274469387836
"SH8207","Solitary bees","SOM","V32",2.47874206252802,"SH8207",0.799099354694565
"SH8207","Solitary bees","IDMCO","V32",2.18281696463977,"SH8207",0.644909238588968
"SH8207","Solitary bees","IGSH","V32",0.252221853148209,"SH8207",0.299631736614749
"SH8207","Solitary bees","IGCO","V32",2.751802760645,"SH8207",0.585177011391106
"SK0484","Bumblebees","IDMSH","V33",2.07637379294545,"SK0484",0.210427011574079
"SK0484","Bumblebees","SOM","V33",1.17392268829434,"SK0484",0.579433957140108
"SK0484","Bumblebees","IDMCO","V33",1.71317990051749,"SK0484",0.438267123168468
"SK0484","Bumblebees","IGSH","V33",2.11524787254465,"SK0484",0.342535094038983
"SK0484","Bumblebees","IGCO","V33",2.33502723915948,"SK0484",0.243249596236678
"SK0484","Hoverflies","IDMSH","V33",2.32300057081365,"SK0484",0.617554637627724
"SK0484","Hoverflies","SOM","V33",1.49152537280238,"SK0484",0.836635235120105
"SK0484","Hoverflies","IDMCO","V33",1.14579779749379,"SK0484",0.646308474869848
"SK0484","Hoverflies","IGSH","V33",0.736889544752157,"SK0484",0.424576928120044
"SK0484","Hoverflies","IGCO","V33",0.25557891145609,"SK0484",0.321283112109387
"SK0484","Solitary bees","IDMSH","V33",2.09436823741673,"SK0484",0.67987877306741
"SK0484","Solitary bees","SOM","V33",2.67009120157621,"SK0484",0.647769157058958
"SK0484","Solitary bees","IDMCO","V33",1.76719830960862,"SK0484",0.758129194691177
"SK0484","Solitary bees","IGSH","V33",0.17916199777268,"SK0484",0.259107329482854
"SK0484","Solitary bees","IGCO","V33",2.3146390874827,"SK0484",0.68439988338477
"SK1590","Bumblebees","IDMSH","V34",2.07802859506743,"SK1590",0.199800547716224
"SK1590","Bumblebees","SOM","V34",1.1142242540698,"SK1590",0.632983596915399
"SK1590","Bumblebees","IDMCO","V34",1.62758272821513,"SK1590",0.486476566154
"SK1590","Bumblebees","IGSH","V34",1.86561618121069,"SK1590",0.410869083068743
"SK1590","Bumblebees","IGCO","V34",2.04993493059805,"SK1590",0.382191730955985
"SK1590","Hoverflies","IDMSH","V34",2.38634060119337,"SK1590",0.672886550670967
"SK1590","Hoverflies","SOM","V34",1.59030275183407,"SK1590",0.732976857626806
"SK1590","Hoverflies","IDMCO","V34",1.81346095145858,"SK1590",0.617703841565317
"SK1590","Hoverflies","IGSH","V34",1.23869324435838,"SK1590",0.440584620254831
"SK1590","Hoverflies","IGCO","V34",0.389358911216862,"SK1590",0.385534342706084
"SK1590","Solitary bees","IDMSH","V34",2.12219304887564,"SK1590",0.688656759743827
"SK1590","Solitary bees","SOM","V34",2.71011010611723,"SK1590",0.610186669413766
"SK1590","Solitary bees","IDMCO","V34",1.96307358322966,"SK1590",0.676137117010858
"SK1590","Solitary bees","IGSH","V34",0.225443910841783,"SK1590",0.281035717844905
"SK1590","Solitary bees","IGCO","V34",2.67937920839822,"SK1590",0.593914152321877
"SK2557","Bumblebees","IDMSH","V35",2.01331449138111,"SK2557",0.234639987411841
"SK2557","Bumblebees","SOM","V35",1.08017007839284,"SK2557",0.649334506937205
"SK2557","Bumblebees","IDMCO","V35",1.59584703980708,"SK2557",0.50065547315059
"SK2557","Bumblebees","IGSH","V35",1.88426723137569,"SK2557",0.462027315292795
"SK2557","Bumblebees","IGCO","V35",2.08877623977795,"SK2557",0.4299237658966
"SK2557","Hoverflies","IDMSH","V35",1.96558504872227,"SK2557",0.849019950699668
"SK2557","Hoverflies","SOM","V35",1.35104744951666,"SK2557",0.788316225827116
"SK2557","Hoverflies","IDMCO","V35",1.71978346350344,"SK2557",0.607688357258023
"SK2557","Hoverflies","IGSH","V35",1.03882510923726,"SK2557",0.460250368690742
"SK2557","Hoverflies","IGCO","V35",0.423968856653254,"SK2557",0.378962616018228
"SK2557","Solitary bees","IDMSH","V35",1.70775772345907,"SK2557",0.793584969161559
"SK2557","Solitary bees","SOM","V35",2.49301543166031,"SK2557",0.782445289168824
"SK2557","Solitary bees","IDMCO","V35",2.29264879928346,"SK2557",0.66368391529165
"SK2557","Solitary bees","IGSH","V35",0.397745043751843,"SK2557",0.467888303294516
"SK2557","Solitary bees","IGCO","V35",2.78930737089044,"SK2557",0.661988093754346
"SK4706","Bumblebees","IDMSH","V36",1.99582548305302,"SK4706",0.226984585359835
"SK4706","Bumblebees","SOM","V36",1.16591543175701,"SK4706",0.595682290781064
"SK4706","Bumblebees","IDMCO","V36",1.66633848715142,"SK4706",0.435780487424601
"SK4706","Bumblebees","IGSH","V36",2.08923001053873,"SK4706",0.353184716597661
"SK4706","Bumblebees","IGCO","V36",2.30493462349603,"SK4706",0.265218514652797
"SK4706","Hoverflies","IDMSH","V36",2.13371415251575,"SK4706",0.781108966422939
"SK4706","Hoverflies","SOM","V36",0.85809770956205,"SK4706",0.734822742072419
"SK4706","Hoverflies","IDMCO","V36",1.28450659725967,"SK4706",0.620370700728207
"SK4706","Hoverflies","IGSH","V36",1.00481025628826,"SK4706",0.447421805526835
"SK4706","Hoverflies","IGCO","V36",0.169956362235361,"SK4706",0.252754600389458
"SK4706","Solitary bees","IDMSH","V36",1.97483754980492,"SK4706",0.723232501490791
"SK4706","Solitary bees","SOM","V36",2.56936999557667,"SK4706",0.694304542609028
"SK4706","Solitary bees","IDMCO","V36",1.13328601377139,"SK4706",0.743043188369637
"SK4706","Solitary bees","IGSH","V36",0.2517574666377,"SK4706",0.296202694113582
"SK4706","Solitary bees","IGCO","V36",1.87252285652425,"SK4706",0.659517746301711
"SK5480","Bumblebees","IDMSH","V37",2.01400178874091,"SK5480",0.218497335195139
"SK5480","Bumblebees","SOM","V37",1.10546887663952,"SK5480",0.631625536236955
"SK5480","Bumblebees","IDMCO","V37",1.62814198908302,"SK5480",0.467773010838378
"SK5480","Bumblebees","IGSH","V37",1.9412601418039,"SK5480",0.406598199651967
"SK5480","Bumblebees","IGCO","V37",2.15882533356216,"SK5480",0.358596140255978
"SK5480","Hoverflies","IDMSH","V37",2.17836757200301,"SK5480",0.713290610389398
"SK5480","Hoverflies","SOM","V37",1.36715871284938,"SK5480",0.78002217332389
"SK5480","Hoverflies","IDMCO","V37",1.35807922375603,"SK5480",0.630907137379769
"SK5480","Hoverflies","IGSH","V37",0.820124801911425,"SK5480",0.424183748686844
"SK5480","Hoverflies","IGCO","V37",0.291850508129396,"SK5480",0.373591108533073
"SK5480","Solitary bees","IDMSH","V37",2.15473982367318,"SK5480",0.59909514510206
"SK5480","Solitary bees","SOM","V37",2.52998168279115,"SK5480",0.722291306579892
"SK5480","Solitary bees","IDMCO","V37",2.17013742148299,"SK5480",0.697078126987071
"SK5480","Solitary bees","IGSH","V37",0.239227643978051,"SK5480",0.295434612899628
"SK5480","Solitary bees","IGCO","V37",2.69373420678852,"SK5480",0.627424895845784
"SK9826","Bumblebees","IDMSH","V38",2.02437689681462,"SK9826",0.209304781526508
"SK9826","Bumblebees","SOM","V38",1.0893579555749,"SK9826",0.632534074204839
"SK9826","Bumblebees","IDMCO","V38",1.47424615551723,"SK9826",0.522053516404962
"SK9826","Bumblebees","IGSH","V38",1.72180808207158,"SK9826",0.438014345615988
"SK9826","Bumblebees","IGCO","V38",1.89060389139348,"SK9826",0.426965252845548
"SK9826","Hoverflies","IDMSH","V38",2.20076541712355,"SK9826",0.751374364668806
"SK9826","Hoverflies","SOM","V38",0.659380805979001,"SK9826",0.703607022262217
"SK9826","Hoverflies","IDMCO","V38",1.23487436085001,"SK9826",0.595042036804888
"SK9826","Hoverflies","IGSH","V38",0.822579876017409,"SK9826",0.42428648984656
"SK9826","Hoverflies","IGCO","V38",0.270289402873364,"SK9826",0.319386336580384
"SK9826","Solitary bees","IDMSH","V38",2.0196896809384,"SK9826",0.611552131740003
"SK9826","Solitary bees","SOM","V38",2.65661530190452,"SK9826",0.619378776739547
"SK9826","Solitary bees","IDMCO","V38",2.02690875867023,"SK9826",0.653835921959216
"SK9826","Solitary bees","IGSH","V38",0.224018836433329,"SK9826",0.287324450375725
"SK9826","Solitary bees","IGCO","V38",2.13687210760603,"SK9826",0.629947005233813
"SN0732","Bumblebees","IDMSH","V39",2.02537592496752,"SN0732",0.204433470972021
"SN0732","Bumblebees","SOM","V39",1.0329162683663,"SN0732",0.634953817999265
"SN0732","Bumblebees","IDMCO","V39",1.6576211767702,"SN0732",0.446508826918563
"SN0732","Bumblebees","IGSH","V39",2.10432201281848,"SN0732",0.336435340525989
"SN0732","Bumblebees","IGCO","V39",2.30773048347856,"SN0732",0.238197440342718
"SN0732","Hoverflies","IDMSH","V39",2.67494214421923,"SN0732",0.61640637536998
"SN0732","Hoverflies","SOM","V39",1.62948628241956,"SN0732",0.744073109019784
"SN0732","Hoverflies","IDMCO","V39",2.15007661697711,"SN0732",0.617358199845268
"SN0732","Hoverflies","IGSH","V39",1.39912059941569,"SN0732",0.448220955751687
"SN0732","Hoverflies","IGCO","V39",0.703274535445291,"SN0732",0.509819372772152
"SN0732","Solitary bees","IDMSH","V39",1.75375716779344,"SN0732",0.677236232727867
"SN0732","Solitary bees","SOM","V39",2.60647056769775,"SN0732",0.632766386217538
"SN0732","Solitary bees","IDMCO","V39",2.28961465651081,"SN0732",0.591204588809362
"SN0732","Solitary bees","IGSH","V39",0.460135545826042,"SN0732",0.460197058236467
"SN0732","Solitary bees","IGCO","V39",3.08681441661633,"SN0732",0.424542961971355
"SN6098","Bumblebees","IDMSH","V40",2.03958381902476,"SN6098",0.225549530683416
"SN6098","Bumblebees","SOM","V40",1.11768835096672,"SN6098",0.612355591348709
"SN6098","Bumblebees","IDMCO","V40",1.65682362992226,"SN6098",0.453449549877932
"SN6098","Bumblebees","IGSH","V40",2.09296079113928,"SN6098",0.351177224120235
"SN6098","Bumblebees","IGCO","V40",2.30842268734603,"SN6098",0.263080162778933
"SN6098","Hoverflies","IDMSH","V40",1.81437137989008,"SN6098",0.802282820499559
"SN6098","Hoverflies","SOM","V40",1.41387044208375,"SN6098",0.744128493777047
"SN6098","Hoverflies","IDMCO","V40",1.60167367935128,"SN6098",0.702411434817047
"SN6098","Hoverflies","IGSH","V40",1.15877399401879,"SN6098",0.447518009496074
"SN6098","Hoverflies","IGCO","V40",0.613412072405785,"SN6098",0.427081164045131
"SN6098","Solitary bees","IDMSH","V40",1.81835210320046,"SN6098",0.765017767587331
"SN6098","Solitary bees","SOM","V40",2.53995602759741,"SN6098",0.721341520238548
"SN6098","Solitary bees","IDMCO","V40",2.27331221822724,"SN6098",0.641772776399534
"SN6098","Solitary bees","IGSH","V40",0.466395782852745,"SN6098",0.441388324211915
"SN6098","Solitary bees","IGCO","V40",2.99279276561806,"SN6098",0.488329922952237
"SN6185","Bumblebees","IDMSH","V41",2.01215479345294,"SN6185",0.223507281481871
"SN6185","Bumblebees","SOM","V41",1.0559314777961,"SN6185",0.633781635043598
"SN6185","Bumblebees","IDMCO","V41",1.46261741599964,"SN6185",0.512206396238924
"SN6185","Bumblebees","IGSH","V41",1.73025318328801,"SN6185",0.44943388038352
"SN6185","Bumblebees","IGCO","V41",1.90742734374589,"SN6185",0.455909315693245
"SN6185","Hoverflies","IDMSH","V41",2.45079738751982,"SN6185",0.686277479228127
"SN6185","Hoverflies","SOM","V41",1.54199721527826,"SN6185",0.715490043472811
"SN6185","Hoverflies","IDMCO","V41",1.32165099280779,"SN6185",0.598184921650809
"SN6185","Hoverflies","IGSH","V41",0.838760308854202,"SN6185",0.44608574727634
"SN6185","Hoverflies","IGCO","V41",0.253236504588917,"SN6185",0.343278565362955
"SN6185","Solitary bees","IDMSH","V41",1.64673444156339,"SN6185",0.774254032238568
"SN6185","Solitary bees","SOM","V41",2.46831365653862,"SN6185",0.76608324565273
"SN6185","Solitary bees","IDMCO","V41",2.33356580777008,"SN6185",0.59418177487623
"SN6185","Solitary bees","IGSH","V41",0.431651495644719,"SN6185",0.440149470242363
"SN6185","Solitary bees","IGCO","V41",3.00534210587715,"SN6185",0.494724761897979
"SN6634","Bumblebees","IDMSH","V42",2.02768324639428,"SN6634",0.196954744864562
"SN6634","Bumblebees","SOM","V42",1.15971624842818,"SN6634",0.585134184806446
"SN6634","Bumblebees","IDMCO","V42",1.67455514268388,"SN6634",0.443713320492975
"SN6634","Bumblebees","IGSH","V42",2.1123634035986,"SN6634",0.331055776738503
"SN6634","Bumblebees","IGCO","V42",2.3194422741512,"SN6634",0.23242858326319
"SN6634","Hoverflies","IDMSH","V42",2.25554446353076,"SN6634",0.702702091293518
"SN6634","Hoverflies","SOM","V42",1.24394362033015,"SN6634",0.703656439340214
"SN6634","Hoverflies","IDMCO","V42",1.32106649407407,"SN6634",0.575249228581977
"SN6634","Hoverflies","IGSH","V42",0.935728623386508,"SN6634",0.417880198349623
"SN6634","Hoverflies","IGCO","V42",0.189926434353341,"SN6634",0.297898358579792
"SN6634","Solitary bees","IDMSH","V42",2.10046865462087,"SN6634",0.695683383588949
"SN6634","Solitary bees","SOM","V42",2.67511531086022,"SN6634",0.633533263131159
"SN6634","Solitary bees","IDMCO","V42",2.01604181674875,"SN6634",0.705321531946441
"SN6634","Solitary bees","IGSH","V42",0.268483077557192,"SN6634",0.311199224203281
"SN6634","Solitary bees","IGCO","V42",2.67021550679331,"SN6634",0.542432254665478
"SN6777","Bumblebees","IDMSH","V43",2.03556361965973,"SN6777",0.216491843949321
"SN6777","Bumblebees","SOM","V43",1.03751220895379,"SN6777",0.649637775692972
"SN6777","Bumblebees","IDMCO","V43",1.63550661445927,"SN6777",0.462811344042529
"SN6777","Bumblebees","IGSH","V43",1.9816636861887,"SN6777",0.389354391303833
"SN6777","Bumblebees","IGCO","V43",2.18378602736602,"SN6777",0.334431622133088
"SN6777","Hoverflies","IDMSH","V43",1.87246846208779,"SN6777",0.984295330822535
"SN6777","Hoverflies","SOM","V43",1.04918394561796,"SN6777",0.731611444246387
"SN6777","Hoverflies","IDMCO","V43",1.12302705654012,"SN6777",0.632496736657211
"SN6777","Hoverflies","IGSH","V43",0.966676277931849,"SN6777",0.43733095575164
"SN6777","Hoverflies","IGCO","V43",0.324263870988137,"SN6777",0.358663982948749
"SN6777","Solitary bees","IDMSH","V43",1.81355053871251,"SN6777",0.752134821734779
"SN6777","Solitary bees","SOM","V43",2.60389841462857,"SN6777",0.650825394339959
"SN6777","Solitary bees","IDMCO","V43",2.09740001507405,"SN6777",0.67029137928888
"SN6777","Solitary bees","IGSH","V43",0.272888207206577,"SN6777",0.317560062170887
"SN6777","Solitary bees","IGCO","V43",2.77245699250966,"SN6777",0.583722896580694
"SN7659","Bumblebees","IDMSH","V44",2.0501482913991,"SN7659",0.227726060012313
"SN7659","Bumblebees","SOM","V44",1.09179273998231,"SN7659",0.625941492819666
"SN7659","Bumblebees","IDMCO","V44",1.59447407074773,"SN7659",0.46784551129137
"SN7659","Bumblebees","IGSH","V44",1.9828736246802,"SN7659",0.384024358620886
"SN7659","Bumblebees","IGCO","V44",2.19320060782816,"SN7659",0.326200466357711
"SN7659","Hoverflies","IDMSH","V44",2.55616468731051,"SN7659",0.646006864087193
"SN7659","Hoverflies","SOM","V44",1.39568218883534,"SN7659",0.72881745854328
"SN7659","Hoverflies","IDMCO","V44",1.63542673664513,"SN7659",0.570686891521147
"SN7659","Hoverflies","IGSH","V44",0.992199912919287,"SN7659",0.451849840302621
"SN7659","Hoverflies","IGCO","V44",0.380676980492751,"SN7659",0.376545595607648
"SN7659","Solitary bees","IDMSH","V44",1.76108362801736,"SN7659",0.761823626308575
"SN7659","Solitary bees","SOM","V44",2.48042086396279,"SN7659",0.739428861283201
"SN7659","Solitary bees","IDMCO","V44",2.25093258881937,"SN7659",0.63829617978521
"SN7659","Solitary bees","IGSH","V44",0.432106883164185,"SN7659",0.439743688928359
"SN7659","Solitary bees","IGCO","V44",2.98527733004704,"SN7659",0.48707666630072
"SO1474","Bumblebees","IDMSH","V45",2.03237355921806,"SO1474",0.231131609474405
"SO1474","Bumblebees","SOM","V45",1.12866245227814,"SO1474",0.606307070693583
"SO1474","Bumblebees","IDMCO","V45",1.65371492528199,"SO1474",0.455121263202927
"SO1474","Bumblebees","IGSH","V45",2.05121753272189,"SO1474",0.360834572017218
"SO1474","Bumblebees","IGCO","V45",2.27048877185849,"SO1474",0.280688410678004
"SO1474","Hoverflies","IDMSH","V45",2.65428291253885,"SO1474",0.655036808104872
"SO1474","Hoverflies","SOM","V45",1.41322292369103,"SO1474",0.792787360595648
"SO1474","Hoverflies","IDMCO","V45",1.31061237899743,"SO1474",0.618737051030847
"SO1474","Hoverflies","IGSH","V45",0.874395949564488,"SO1474",0.419616765835883
"SO1474","Hoverflies","IGCO","V45",0.308627912462748,"SO1474",0.363967184192707
"SO1474","Solitary bees","IDMSH","V45",1.77957433059533,"SO1474",0.74324115603079
"SO1474","Solitary bees","SOM","V45",2.56084655383717,"SO1474",0.692789061678659
"SO1474","Solitary bees","IDMCO","V45",2.29518247428422,"SO1474",0.606215060036797
"SO1474","Solitary bees","IGSH","V45",0.434523900955919,"SO1474",0.431885978116161
"SO1474","Solitary bees","IGCO","V45",3.01156674568188,"SO1474",0.488641660145924
"SO2568","Bumblebees","IDMSH","V46",1.99143024752402,"SO2568",0.223189682895641
"SO2568","Bumblebees","SOM","V46",1.02598612388904,"SO2568",0.632620437279563
"SO2568","Bumblebees","IDMCO","V46",1.59475835563795,"SO2568",0.470588504022744
"SO2568","Bumblebees","IGSH","V46",1.9792316966011,"SO2568",0.388560151018997
"SO2568","Bumblebees","IGCO","V46",2.18298649523687,"SO2568",0.334946044702519
"SO2568","Hoverflies","IDMSH","V46",2.33134328622772,"SO2568",0.671774732495182
"SO2568","Hoverflies","SOM","V46",0.8967102857528,"SO2568",0.780343162192967
"SO2568","Hoverflies","IDMCO","V46",1.21615836199602,"SO2568",0.591134950152284
"SO2568","Hoverflies","IGSH","V46",0.84275628552079,"SO2568",0.430299637379355
"SO2568","Hoverflies","IGCO","V46",0.211047505104034,"SO2568",0.282330251639761
"SO2568","Solitary bees","IDMSH","V46",1.84143251300538,"SO2568",0.755632715349504
"SO2568","Solitary bees","SOM","V46",2.56571711588969,"SO2568",0.759619531851074
"SO2568","Solitary bees","IDMCO","V46",2.36735821795885,"SO2568",0.621357656067708
"SO2568","Solitary bees","IGSH","V46",0.240941505609683,"SO2568",0.298836992361952
"SO2568","Solitary bees","IGCO","V46",2.53224382058679,"SO2568",0.647664343593918
"SO3129","Bumblebees","IDMSH","V47",1.97612737998774,"SO3129",0.223321636528089
"SO3129","Bumblebees","SOM","V47",1.12345304496615,"SO3129",0.609316213738123
"SO3129","Bumblebees","IDMCO","V47",1.64946880619876,"SO3129",0.432311211248934
"SO3129","Bumblebees","IGSH","V47",2.09152791853503,"SO3129",0.346569284429114
"SO3129","Bumblebees","IGCO","V47",2.30845120932502,"SO3129",0.248887113092931
"SO3129","Hoverflies","IDMSH","V47",1.96556803782356,"SO3129",0.755359602880829
"SO3129","Hoverflies","SOM","V47",1.14951139631863,"SO3129",0.795003137332171
"SO3129","Hoverflies","IDMCO","V47",1.16859096968601,"SO3129",0.594544770056659
"SO3129","Hoverflies","IGSH","V47",0.736441676850185,"SO3129",0.447930623143916
"SO3129","Hoverflies","IGCO","V47",0.438370320858206,"SO3129",0.373878901810579
"SO3129","Solitary bees","IDMSH","V47",1.92289792698758,"SO3129",0.747419571384989
"SO3129","Solitary bees","SOM","V47",2.68794831975104,"SO3129",0.599955648915753
"SO3129","Solitary bees","IDMCO","V47",2.09238550221959,"SO3129",0.668568682267758
"SO3129","Solitary bees","IGSH","V47",0.230588470072287,"SO3129",0.293285682295684
"SO3129","Solitary bees","IGCO","V47",2.54384349765664,"SO3129",0.628453460591147
"SO4718","Bumblebees","IDMSH","V48",1.971068790454,"SO4718",0.207322447271129
"SO4718","Bumblebees","SOM","V48",1.01215974903191,"SO4718",0.635452138193465
"SO4718","Bumblebees","IDMCO","V48",1.64390102289915,"SO4718",0.437645285439254
"SO4718","Bumblebees","IGSH","V48",2.07485730374173,"SO4718",0.339475437720322
"SO4718","Bumblebees","IGCO","V48",2.29079652595254,"SO4718",0.252340394440226
"SO4718","Hoverflies","IDMSH","V48",2.15073091831772,"SO4718",0.617224125265254
"SO4718","Hoverflies","SOM","V48",1.56654960727152,"SO4718",0.767676238177812
"SO4718","Hoverflies","IDMCO","V48",1.48812999964736,"SO4718",0.583378239977688
"SO4718","Hoverflies","IGSH","V48",0.95272577295604,"SO4718",0.429088024425088
"SO4718","Hoverflies","IGCO","V48",0.430363376534133,"SO4718",0.413079844996005
"SO4718","Solitary bees","IDMSH","V48",2.11841799207651,"SO4718",0.674336439915289
"SO4718","Solitary bees","SOM","V48",2.5519013813731,"SO4718",0.700009903766111
"SO4718","Solitary bees","IDMCO","V48",2.1965764451177,"SO4718",0.608321881431486
"SO4718","Solitary bees","IGSH","V48",0.272923760099686,"SO4718",0.323375986539028
"SO4718","Solitary bees","IGCO","V48",2.36189483975449,"SO4718",0.60690326054157
"SO6087","Bumblebees","IDMSH","V49",2.08689695175687,"SO6087",0.18746863618533
"SO6087","Bumblebees","SOM","V49",1.11346062733683,"SO6087",0.642867776353798
"SO6087","Bumblebees","IDMCO","V49",1.63274820443403,"SO6087",0.465848944770639
"SO6087","Bumblebees","IGSH","V49",1.85751383939129,"SO6087",0.400504794065669
"SO6087","Bumblebees","IGCO","V49",2.05501920812727,"SO6087",0.372407958593312
"SO6087","Hoverflies","IDMSH","V49",2.48667178014922,"SO6087",0.749802531518132
"SO6087","Hoverflies","SOM","V49",1.21838223928167,"SO6087",0.837309803325784
"SO6087","Hoverflies","IDMCO","V49",1.11007610577421,"SO6087",0.565806898687394
"SO6087","Hoverflies","IGSH","V49",0.774159328518996,"SO6087",0.415329134461481
"SO6087","Hoverflies","IGCO","V49",0.285263889052981,"SO6087",0.346182385317782
"SO6087","Solitary bees","IDMSH","V49",2.11288360675323,"SO6087",0.697665200989584
"SO6087","Solitary bees","SOM","V49",2.72925651718219,"SO6087",0.585474403561142
"SO6087","Solitary bees","IDMCO","V49",2.23179491711988,"SO6087",0.658421736693516
"SO6087","Solitary bees","IGSH","V49",0.253815977190755,"SO6087",0.307964432750135
"SO6087","Solitary bees","IGCO","V49",2.57190023156528,"SO6087",0.584547055616092
"SO8911","Bumblebees","IDMSH","V50",1.96313574463582,"SO8911",0.209711839453199
"SO8911","Bumblebees","SOM","V50",0.994858567321116,"SO8911",0.637203046604317
"SO8911","Bumblebees","IDMCO","V50",1.42244705020392,"SO8911",0.489206864716577
"SO8911","Bumblebees","IGSH","V50",1.69589758091347,"SO8911",0.424994645554389
"SO8911","Bumblebees","IGCO","V50",1.86933710730615,"SO8911",0.420713628764922
"SO8911","Hoverflies","IDMSH","V50",2.50630579316957,"SO8911",0.61478451151132
"SO8911","Hoverflies","SOM","V50",1.38556968028222,"SO8911",0.807238493062235
"SO8911","Hoverflies","IDMCO","V50",1.49436870685142,"SO8911",0.588671602013631
"SO8911","Hoverflies","IGSH","V50",0.980294016403556,"SO8911",0.417803367905203
"SO8911","Hoverflies","IGCO","V50",0.278425612298488,"SO8911",0.3140038914641
"SO8911","Solitary bees","IDMSH","V50",1.58674742260656,"SO8911",0.779820384127615
"SO8911","Solitary bees","SOM","V50",2.62368264555096,"SO8911",0.603924159211334
"SO8911","Solitary bees","IDMCO","V50",2.26041312659548,"SO8911",0.617290409122614
"SO8911","Solitary bees","IGSH","V50",0.318595153069472,"SO8911",0.339131117315949
"SO8911","Solitary bees","IGCO","V50",2.96619609939361,"SO8911",0.468762662715992
"SP1430","Bumblebees","IDMSH","V51",2.03832800280027,"SP1430",0.215593393790122
"SP1430","Bumblebees","SOM","V51",1.14141883910894,"SP1430",0.600095859970691
"SP1430","Bumblebees","IDMCO","V51",1.5187551803014,"SP1430",0.500109105091172
"SP1430","Bumblebees","IGSH","V51",1.82383751513404,"SP1430",0.417240123297632
"SP1430","Bumblebees","IGCO","V51",2.01417221307854,"SP1430",0.38611507649149
"SP1430","Hoverflies","IDMSH","V51",2.32523329381496,"SP1430",0.619140472709422
"SP1430","Hoverflies","SOM","V51",1.71651263403116,"SP1430",0.802528072108154
"SP1430","Hoverflies","IDMCO","V51",1.35778204405636,"SP1430",0.555695571011031
"SP1430","Hoverflies","IGSH","V51",0.798077204322629,"SP1430",0.427568279686491
"SP1430","Hoverflies","IGCO","V51",0.188911317685195,"SP1430",0.314926052711082
"SP1430","Solitary bees","IDMSH","V51",2.110928734106,"SP1430",0.600456474471287
"SP1430","Solitary bees","SOM","V51",2.64721155865616,"SP1430",0.626774784823411
"SP1430","Solitary bees","IDMCO","V51",2.21829718177468,"SP1430",0.616407528048093
"SP1430","Solitary bees","IGSH","V51",0.237537312227057,"SP1430",0.297627263340086
"SP1430","Solitary bees","IGCO","V51",2.45304049387335,"SP1430",0.614307937756795
"SP4951","Bumblebees","IDMSH","V52",2.03421932918418,"SP4951",0.19062364436774
"SP4951","Bumblebees","SOM","V52",1.02698660970255,"SP4951",0.643702404172854
"SP4951","Bumblebees","IDMCO","V52",1.74107898707473,"SP4951",0.420014979470475
"SP4951","Bumblebees","IGSH","V52",2.1859240256437,"SP4951",0.311356587787986
"SP4951","Bumblebees","IGCO","V52",2.38591224510949,"SP4951",0.193931876191307
"SP4951","Hoverflies","IDMSH","V52",2.35144049735863,"SP4951",0.596935309739625
"SP4951","Hoverflies","SOM","V52",1.5360563281483,"SP4951",0.759659279521208
"SP4951","Hoverflies","IDMCO","V52",1.47274688098193,"SP4951",0.538507323467545
"SP4951","Hoverflies","IGSH","V52",0.872927477629811,"SP4951",0.42416724505367
"SP4951","Hoverflies","IGCO","V52",0.320838235020422,"SP4951",0.355583656932601
"SP4951","Solitary bees","IDMSH","V52",2.05800940853092,"SP4951",0.578382919624622
"SP4951","Solitary bees","SOM","V52",2.70148524246789,"SP4951",0.554415196243854
"SP4951","Solitary bees","IDMCO","V52",1.92462601384307,"SP4951",0.680032926332346
"SP4951","Solitary bees","IGSH","V52",0.216877965297389,"SP4951",0.273740770402062
"SP4951","Solitary bees","IGCO","V52",1.87463354545855,"SP4951",0.579616754517805
"SP6302","Bumblebees","IDMSH","V53",2.01601406985178,"SP6302",0.214157107961001
"SP6302","Bumblebees","SOM","V53",1.00317278273585,"SP6302",0.62033277696577
"SP6302","Bumblebees","IDMCO","V53",1.62271642067224,"SP6302",0.452876265711164
"SP6302","Bumblebees","IGSH","V53",2.02325206757373,"SP6302",0.367001315048545
"SP6302","Bumblebees","IGCO","V53",2.2318148525168,"SP6302",0.288498414075977
"SP6302","Hoverflies","IDMSH","V53",1.88666776919424,"SP6302",0.801119033695839
"SP6302","Hoverflies","SOM","V53",1.29838206801105,"SP6302",0.750207102734629
"SP6302","Hoverflies","IDMCO","V53",1.50941248246315,"SP6302",0.616706549832908
"SP6302","Hoverflies","IGSH","V53",0.938310644169031,"SP6302",0.446515864905816
"SP6302","Hoverflies","IGCO","V53",0.237318977452606,"SP6302",0.301732817943658
"SP6302","Solitary bees","IDMSH","V53",1.95323275165132,"SP6302",0.668436953818299
"SP6302","Solitary bees","SOM","V53",2.42420308295558,"SP6302",0.749894184285827
"SP6302","Solitary bees","IDMCO","V53",2.18990129153097,"SP6302",0.630921531468972
"SP6302","Solitary bees","IGSH","V53",0.293804021101249,"SP6302",0.318203146287968
"SP6302","Solitary bees","IGCO","V53",2.84588665060232,"SP6302",0.529693170291547
"SS8395","Bumblebees","IDMSH","V54",1.96755311464856,"SS8395",0.217815318895274
"SS8395","Bumblebees","SOM","V54",1.11668763564182,"SS8395",0.592275867783258
"SS8395","Bumblebees","IDMCO","V54",1.62386400944135,"SS8395",0.446074496836539
"SS8395","Bumblebees","IGSH","V54",2.0643665755129,"SS8395",0.350522739602388
"SS8395","Bumblebees","IGCO","V54",2.26071717557364,"SS8395",0.27508343699972
"SS8395","Hoverflies","IDMSH","V54",2.30207988889837,"SS8395",0.787669429118468
"SS8395","Hoverflies","SOM","V54",1.51506800987067,"SS8395",0.778000020083877
"SS8395","Hoverflies","IDMCO","V54",1.39032500473544,"SS8395",0.614471223714881
"SS8395","Hoverflies","IGSH","V54",0.984513656271223,"SS8395",0.448382197739453
"SS8395","Hoverflies","IGCO","V54",0.343403501647414,"SS8395",0.336737695477517
"SS8395","Solitary bees","IDMSH","V54",1.4076224417655,"SS8395",0.726744315469347
"SS8395","Solitary bees","SOM","V54",2.28550529063204,"SS8395",0.805961534529416
"SS8395","Solitary bees","IDMCO","V54",2.12260203142773,"SS8395",0.699904223743722
"SS8395","Solitary bees","IGSH","V54",0.481438931838029,"SS8395",0.462078726918309
"SS8395","Solitary bees","IGCO","V54",2.98080862286949,"SS8395",0.472790627421302
"ST2636","Bumblebees","IDMSH","V55",1.94351808522824,"ST2636",0.217623548414591
"ST2636","Bumblebees","SOM","V55",1.05287294964143,"ST2636",0.600054690663937
"ST2636","Bumblebees","IDMCO","V55",1.54009358103175,"ST2636",0.466660078558211
"ST2636","Bumblebees","IGSH","V55",1.99415701665444,"ST2636",0.374004138035954
"ST2636","Bumblebees","IGCO","V55",2.19318157041175,"ST2636",0.298952861110085
"ST2636","Hoverflies","IDMSH","V55",1.80942279333344,"ST2636",0.633614705472936
"ST2636","Hoverflies","SOM","V55",0.743196809952342,"ST2636",0.761510583502044
"ST2636","Hoverflies","IDMCO","V55",1.42916709480856,"ST2636",0.523764496294583
"ST2636","Hoverflies","IGSH","V55",0.986139288671906,"ST2636",0.441027943274634
"ST2636","Hoverflies","IGCO","V55",0.395438978441451,"ST2636",0.397765813523219
"ST2636","Solitary bees","IDMSH","V55",1.94362898686863,"ST2636",0.641648098131367
"ST2636","Solitary bees","SOM","V55",2.4860838990353,"ST2636",0.610787238015487
"ST2636","Solitary bees","IDMCO","V55",2.25940398863023,"ST2636",0.572901641048198
"ST2636","Solitary bees","IGSH","V55",0.313123884840972,"ST2636",0.333782289928705
"ST2636","Solitary bees","IGCO","V55",2.85940752144086,"ST2636",0.502553498274163
"ST2983","Bumblebees","IDMSH","V56",2.02984708024069,"ST2983",0.219412029039409
"ST2983","Bumblebees","SOM","V56",1.07301995396919,"ST2983",0.602077387976618
"ST2983","Bumblebees","IDMCO","V56",1.66392658642215,"ST2983",0.436459325064568
"ST2983","Bumblebees","IGSH","V56",2.11920868884117,"ST2983",0.335461018640475
"ST2983","Bumblebees","IGCO","V56",2.32861823448577,"ST2983",0.231440903767538
"ST2983","Hoverflies","IDMSH","V56",2.08672302968377,"ST2983",0.744662697419182
"ST2983","Hoverflies","SOM","V56",1.12868215086494,"ST2983",0.748878710072098
"ST2983","Hoverflies","IDMCO","V56",1.39087341910607,"ST2983",0.585542445418724
"ST2983","Hoverflies","IGSH","V56",0.919203388408447,"ST2983",0.46034265255903
"ST2983","Hoverflies","IGCO","V56",0.416697587359714,"ST2983",0.381731128414603
"ST2983","Solitary bees","IDMSH","V56",1.67428391759788,"ST2983",0.731474467373112
"ST2983","Solitary bees","SOM","V56",2.43763180870715,"ST2983",0.664874249439016
"ST2983","Solitary bees","IDMCO","V56",2.2561964339886,"ST2983",0.615448160963667
"ST2983","Solitary bees","IGSH","V56",0.484844754570241,"ST2983",0.43000814683189
"ST2983","Solitary bees","IGCO","V56",3.00653099496552,"ST2983",0.458502657701915
"ST4543","Bumblebees","IDMSH","V57",1.98559346788176,"ST4543",0.203228739704566
"ST4543","Bumblebees","SOM","V57",0.986980338611873,"ST4543",0.625665215597077
"ST4543","Bumblebees","IDMCO","V57",1.56300354728061,"ST4543",0.467807055330504
"ST4543","Bumblebees","IGSH","V57",1.91893259190368,"ST4543",0.389333544931444
"ST4543","Bumblebees","IGCO","V57",2.12959066565347,"ST4543",0.317662482121249
"ST4543","Hoverflies","IDMSH","V57",1.88317367148692,"ST4543",0.834021788627315
"ST4543","Hoverflies","SOM","V57",0.762284019814221,"ST4543",0.680213258711899
"ST4543","Hoverflies","IDMCO","V57",1.11624083960765,"ST4543",0.594681948731401
"ST4543","Hoverflies","IGSH","V57",0.862533971428903,"ST4543",0.419604754427702
"ST4543","Hoverflies","IGCO","V57",0.445718850746399,"ST4543",0.397556712037023
"ST4543","Solitary bees","IDMSH","V57",1.59476344484173,"ST4543",0.717525362226677
"ST4543","Solitary bees","SOM","V57",2.40136645403923,"ST4543",0.637430581884169
"ST4543","Solitary bees","IDMCO","V57",2.24990820323621,"ST4543",0.636103086395488
"ST4543","Solitary bees","IGSH","V57",0.509272000794585,"ST4543",0.47418870336125
"ST4543","Solitary bees","IGCO","V57",3.0750065063575,"ST4543",0.405605287287804
"ST9351","Bumblebees","IDMSH","V58",1.98198211628165,"ST9351",0.223617330659012
"ST9351","Bumblebees","SOM","V58",0.959832594401806,"ST9351",0.631906086085022
"ST9351","Bumblebees","IDMCO","V58",1.58280190970965,"ST9351",0.468918874589439
"ST9351","Bumblebees","IGSH","V58",1.9917727627573,"ST9351",0.382196743286776
"ST9351","Bumblebees","IGCO","V58",2.20186605047608,"ST9351",0.307000832342402
"ST9351","Hoverflies","IDMSH","V58",1.72967871720626,"ST9351",0.803713765646102
"ST9351","Hoverflies","SOM","V58",1.29323846398357,"ST9351",0.705602956774363
"ST9351","Hoverflies","IDMCO","V58",1.60087637645008,"ST9351",0.626219744932264
"ST9351","Hoverflies","IGSH","V58",1.11438460415423,"ST9351",0.454552980648231
"ST9351","Hoverflies","IGCO","V58",0.347206886743141,"ST9351",0.375897837061129
"ST9351","Solitary bees","IDMSH","V58",1.57625202469781,"ST9351",0.746000968518847
"ST9351","Solitary bees","SOM","V58",2.37562568450617,"ST9351",0.695884697145239
"ST9351","Solitary bees","IDMCO","V58",1.95923816887052,"ST9351",0.660190712426266
"ST9351","Solitary bees","IGSH","V58",0.258079395896955,"ST9351",0.299675708308564
"ST9351","Solitary bees","IGCO","V58",2.21761904266164,"ST9351",0.679810147420887
"SU1466","Bumblebees","IDMSH","V59",2.00863433884892,"SU1466",0.224480288168059
"SU1466","Bumblebees","SOM","V59",1.14437398482544,"SU1466",0.592032835822448
"SU1466","Bumblebees","IDMCO","V59",1.54571509237146,"SU1466",0.488212879312766
"SU1466","Bumblebees","IGSH","V59",1.87162831699352,"SU1466",0.419553959712113
"SU1466","Bumblebees","IGCO","V59",2.06082370488681,"SU1466",0.379699501907263
"SU1466","Hoverflies","IDMSH","V59",2.18475258186302,"SU1466",0.79015563895917
"SU1466","Hoverflies","SOM","V59",1.10040883584625,"SU1466",0.678787332711031
"SU1466","Hoverflies","IDMCO","V59",1.25354005954723,"SU1466",0.596687157040403
"SU1466","Hoverflies","IGSH","V59",0.879028568086831,"SU1466",0.443151936061904
"SU1466","Hoverflies","IGCO","V59",0.278151743740812,"SU1466",0.337824054942016
"SU1466","Solitary bees","IDMSH","V59",1.68610075229019,"SU1466",0.699999759956182
"SU1466","Solitary bees","SOM","V59",2.47531574691161,"SU1466",0.65958384995098
"SU1466","Solitary bees","IDMCO","V59",1.93287264615787,"SU1466",0.691960806981499
"SU1466","Solitary bees","IGSH","V59",0.258249352051898,"SU1466",0.319243613311596
"SU1466","Solitary bees","IGCO","V59",2.4753624112001,"SU1466",0.64562714747573
"SU3986","Bumblebees","IDMSH","V60",2.0074062018583,"SU3986",0.202386969095019
"SU3986","Bumblebees","SOM","V60",1.02811197964126,"SU3986",0.631431600127107
"SU3986","Bumblebees","IDMCO","V60",1.5666436144801,"SU3986",0.460262193786092
"SU3986","Bumblebees","IGSH","V60",1.91099345931955,"SU3986",0.383642320975867
"SU3986","Bumblebees","IGCO","V60",2.11120584576513,"SU3986",0.332085071204314
"SU3986","Hoverflies","IDMSH","V60",1.89307430551858,"SU3986",0.811504115396977
"SU3986","Hoverflies","SOM","V60",1.11428805574091,"SU3986",0.824123429747969
"SU3986","Hoverflies","IDMCO","V60",1.28548398911269,"SU3986",0.629060516262887
"SU3986","Hoverflies","IGSH","V60",0.949820040064954,"SU3986",0.446770598259351
"SU3986","Hoverflies","IGCO","V60",0.388804802140791,"SU3986",0.390590199085264
"SU3986","Solitary bees","IDMSH","V60",2.02304609794469,"SU3986",0.646854984524023
"SU3986","Solitary bees","SOM","V60",2.50888640689152,"SU3986",0.659116114775649
"SU3986","Solitary bees","IDMCO","V60",2.09941829028856,"SU3986",0.625385859404304
"SU3986","Solitary bees","IGSH","V60",0.243278944755402,"SU3986",0.304178386704088
"SU3986","Solitary bees","IGCO","V60",2.26510018242331,"SU3986",0.601913502819283
"SU6679","Bumblebees","IDMSH","V61",2.0147646152509,"SU6679",0.197027687065746
"SU6679","Bumblebees","SOM","V61",1.09979740053295,"SU6679",0.597072948518307
"SU6679","Bumblebees","IDMCO","V61",1.64138321764232,"SU6679",0.441607758004935
"SU6679","Bumblebees","IGSH","V61",2.09233747961246,"SU6679",0.33135684513899
"SU6679","Bumblebees","IGCO","V61",2.29841771236507,"SU6679",0.236137698501857
"SU6679","Hoverflies","IDMSH","V61",2.35235884595404,"SU6679",0.660292133166428
"SU6679","Hoverflies","SOM","V61",1.07755958910141,"SU6679",0.692690518806863
"SU6679","Hoverflies","IDMCO","V61",1.59551271083452,"SU6679",0.607693080419336
"SU6679","Hoverflies","IGSH","V61",1.03834412417107,"SU6679",0.438931446967084
"SU6679","Hoverflies","IGCO","V61",0.252330185064684,"SU6679",0.333621929216171
"SU6679","Solitary bees","IDMSH","V61",2.08437941361533,"SU6679",0.592829138809186
"SU6679","Solitary bees","SOM","V61",2.55837306949203,"SU6679",0.623253087191839
"SU6679","Solitary bees","IDMCO","V61",2.13411875941642,"SU6679",0.64891296250681
"SU6679","Solitary bees","IGSH","V61",0.248611367175765,"SU6679",0.2911200601623
"SU6679","Solitary bees","IGCO","V61",2.76215085686213,"SU6679",0.509334261864042
"SU7800","Bumblebees","IDMSH","V62",1.95449120157604,"SU7800",0.220172780827771
"SU7800","Bumblebees","SOM","V62",1.03798999296615,"SU7800",0.587655662324009
"SU7800","Bumblebees","IDMCO","V62",1.57718593517952,"SU7800",0.453319005014516
"SU7800","Bumblebees","IGSH","V62",2.01614181455467,"SU7800",0.349182728827631
"SU7800","Bumblebees","IGCO","V62",2.22237759533296,"SU7800",0.269452553741249
"SU7800","Hoverflies","IDMSH","V62",1.54258872591675,"SU7800",0.922717134460589
"SU7800","Hoverflies","SOM","V62",1.08456333809431,"SU7800",0.770900528480471
"SU7800","Hoverflies","IDMCO","V62",1.48624780153312,"SU7800",0.579299412374957
"SU7800","Hoverflies","IGSH","V62",1.04550860728913,"SU7800",0.439380372536397
"SU7800","Hoverflies","IGCO","V62",0.243990668392316,"SU7800",0.312106288622663
"SU7800","Solitary bees","IDMSH","V62",1.66234360869304,"SU7800",0.650758498033067
"SU7800","Solitary bees","SOM","V62",2.18051837129495,"SU7800",0.791895335891596
"SU7800","Solitary bees","IDMCO","V62",1.68326996797753,"SU7800",0.72003692712746
"SU7800","Solitary bees","IGSH","V62",0.271304439652596,"SU7800",0.319158809473153
"SU7800","Solitary bees","IGCO","V62",2.31070701797048,"SU7800",0.588303219181968
"SX7048","Bumblebees","IDMSH","V63",1.97535462552552,"SX7048",0.207867693368397
"SX7048","Bumblebees","SOM","V63",0.896681546166819,"SX7048",0.597563528072442
"SX7048","Bumblebees","IDMCO","V63",1.60435825675571,"SX7048",0.436386496191057
"SX7048","Bumblebees","IGSH","V63",2.0717998704082,"SX7048",0.325728577128775
"SX7048","Bumblebees","IGCO","V63",2.25800118696214,"SX7048",0.230452041953263
"SX7048","Hoverflies","IDMSH","V63",2.18279977080945,"SX7048",0.682847736384166
"SX7048","Hoverflies","SOM","V63",1.01774032622287,"SX7048",0.768335714893419
"SX7048","Hoverflies","IDMCO","V63",1.52215730190901,"SX7048",0.618676064979735
"SX7048","Hoverflies","IGSH","V63",1.09286576980148,"SX7048",0.456507522395741
"SX7048","Hoverflies","IGCO","V63",0.378085943538134,"SX7048",0.41492388847681
"SX7048","Solitary bees","IDMSH","V63",1.38505380685143,"SX7048",0.685862675964781
"SX7048","Solitary bees","SOM","V63",2.23791607959845,"SX7048",0.667715378188164
"SX7048","Solitary bees","IDMCO","V63",2.2882774253989,"SX7048",0.563010165551101
"SX7048","Solitary bees","IGSH","V63",0.396793645467019,"SX7048",0.387227335982626
"SX7048","Solitary bees","IGCO","V63",3.05695881808671,"SX7048",0.35711747160624
"SX8144","Bumblebees","IDMSH","V64",1.93096611791667,"SX8144",0.217329464369901
"SX8144","Bumblebees","SOM","V64",0.890827190997861,"SX8144",0.609438300842506
"SX8144","Bumblebees","IDMCO","V64",1.45753023997112,"SX8144",0.474076648083769
"SX8144","Bumblebees","IGSH","V64",1.84763021386535,"SX8144",0.402430007729041
"SX8144","Bumblebees","IGCO","V64",2.02236007698991,"SX8144",0.355731443169627
"SX8144","Hoverflies","IDMSH","V64",1.25585019213171,"SX8144",0.870202967077998
"SX8144","Hoverflies","SOM","V64",1.23536864393831,"SX8144",0.688086997238569
"SX8144","Hoverflies","IDMCO","V64",1.47974421895093,"SX8144",0.586642659522535
"SX8144","Hoverflies","IGSH","V64",1.0345520718223,"SX8144",0.47899401970785
"SX8144","Hoverflies","IGCO","V64",0.42589808878278,"SX8144",0.357958934595882
"SX8144","Solitary bees","IDMSH","V64",1.28790451340221,"SX8144",0.68349091147363
"SX8144","Solitary bees","SOM","V64",2.04073304886649,"SX8144",0.682202141768659
"SX8144","Solitary bees","IDMCO","V64",2.08771803726453,"SX8144",0.600016180544939
"SX8144","Solitary bees","IGSH","V64",0.312242433515127,"SX8144",0.345318787285427
"SX8144","Solitary bees","IGCO","V64",2.57498378361045,"SX8144",0.561269348825817
"SY8586","Bumblebees","IDMSH","V65",1.96106032731386,"SY8586",0.226454510426506
"SY8586","Bumblebees","SOM","V65",0.886576394925028,"SY8586",0.611528278344329
"SY8586","Bumblebees","IDMCO","V65",1.54102742846357,"SY8586",0.46052301532375
"SY8586","Bumblebees","IGSH","V65",1.95149676695265,"SY8586",0.381725136806343
"SY8586","Bumblebees","IGCO","V65",2.14515084762356,"SY8586",0.31762293449853
"SY8586","Hoverflies","IDMSH","V65",1.77121823492846,"SY8586",0.745221990290168
"SY8586","Hoverflies","SOM","V65",1.04212156478435,"SY8586",0.77109248616136
"SY8586","Hoverflies","IDMCO","V65",1.49939614627706,"SY8586",0.576517534523702
"SY8586","Hoverflies","IGSH","V65",1.05057860541998,"SY8586",0.450292153806488
"SY8586","Hoverflies","IGCO","V65",0.392199575715349,"SY8586",0.377017632289929
"SY8586","Solitary bees","IDMSH","V65",1.60748010510227,"SY8586",0.712271473429593
"SY8586","Solitary bees","SOM","V65",2.31256458552726,"SY8586",0.679202973174342
"SY8586","Solitary bees","IDMCO","V65",2.01180020552899,"SY8586",0.648366394338661
"SY8586","Solitary bees","IGSH","V65",0.258754473520891,"SY8586",0.303821780138824
"SY8586","Solitary bees","IGCO","V65",2.5536983569227,"SY8586",0.599897376057166
"TG4403","Bumblebees","IDMSH","V66",2.04644305980919,"TG4403",0.229121679455826
"TG4403","Bumblebees","SOM","V66",1.12536200850794,"TG4403",0.620345446709422
"TG4403","Bumblebees","IDMCO","V66",1.63462639235681,"TG4403",0.465449079511655
"TG4403","Bumblebees","IGSH","V66",2.00395319914343,"TG4403",0.392215445481606
"TG4403","Bumblebees","IGCO","V66",2.19943010983025,"TG4403",0.334910019467659
"TG4403","Hoverflies","IDMSH","V66",1.68039618795367,"TG4403",0.791633876738031
"TG4403","Hoverflies","SOM","V66",1.35014932893253,"TG4403",0.77934313221732
"TG4403","Hoverflies","IDMCO","V66",1.2816693480778,"TG4403",0.581643751890094
"TG4403","Hoverflies","IGSH","V66",0.87366420589965,"TG4403",0.428046744963799
"TG4403","Hoverflies","IGCO","V66",0.206256016011388,"TG4403",0.304590938655555
"TG4403","Solitary bees","IDMSH","V66",1.72945066751566,"TG4403",0.771492679919972
"TG4403","Solitary bees","SOM","V66",2.47981826833048,"TG4403",0.770237469544619
"TG4403","Solitary bees","IDMCO","V66",1.87043147802229,"TG4403",0.70487496852102
"TG4403","Solitary bees","IGSH","V66",0.195528352588309,"TG4403",0.270572779414038
"TG4403","Solitary bees","IGCO","V66",2.26566934363346,"TG4403",0.729813268230519
"TL3266","Bumblebees","IDMSH","V67",2.02788963515442,"TL3266",0.21048329709313
"TL3266","Bumblebees","SOM","V67",1.12832481993678,"TL3266",0.600084152136705
"TL3266","Bumblebees","IDMCO","V67",1.6352685517506,"TL3266",0.455031082064105
"TL3266","Bumblebees","IGSH","V67",2.05522199691829,"TL3266",0.355218990470569
"TL3266","Bumblebees","IGCO","V67",2.26922835150647,"TL3266",0.266763410510083
"TL3266","Hoverflies","IDMSH","V67",2.29412186421709,"TL3266",0.618995227186139
"TL3266","Hoverflies","SOM","V67",1.17484369943182,"TL3266",0.82784316186465
"TL3266","Hoverflies","IDMCO","V67",1.20542035532574,"TL3266",0.598127411985061
"TL3266","Hoverflies","IGSH","V67",0.809333290642576,"TL3266",0.433909706197593
"TL3266","Hoverflies","IGCO","V67",0.424403361558988,"TL3266",0.387680326897321
"TL3266","Solitary bees","IDMSH","V67",2.08866710651803,"TL3266",0.597411761138631
"TL3266","Solitary bees","SOM","V67",2.40239568676168,"TL3266",0.715694379477832
"TL3266","Solitary bees","IDMCO","V67",2.21859377265685,"TL3266",0.631183821875741
"TL3266","Solitary bees","IGSH","V67",0.351682793361186,"TL3266",0.346046471367395
"TL3266","Solitary bees","IGCO","V67",2.97930108379747,"TL3266",0.472668698909899
"TM3949","Bumblebees","IDMSH","V68",2.01109676380242,"TM3949",0.221356305472707
"TM3949","Bumblebees","SOM","V68",1.0344309675273,"TM3949",0.636862857729801
"TM3949","Bumblebees","IDMCO","V68",1.70234685436196,"TM3949",0.427117466243716
"TM3949","Bumblebees","IGSH","V68",2.12869508107767,"TM3949",0.333293451761128
"TM3949","Bumblebees","IGCO","V68",2.33249742652187,"TM3949",0.236125053060414
"TM3949","Hoverflies","IDMSH","V68",1.68039303923356,"TM3949",0.808332734873843
"TM3949","Hoverflies","SOM","V68",1.12793946293522,"TM3949",0.823469525020763
"TM3949","Hoverflies","IDMCO","V68",1.51393651702247,"TM3949",0.608094642646704
"TM3949","Hoverflies","IGSH","V68",1.10228453043566,"TM3949",0.466297217308042
"TM3949","Hoverflies","IGCO","V68",0.334953665597845,"TM3949",0.356011767444589
"TM3949","Solitary bees","IDMSH","V68",2.22413499668431,"TM3949",0.687707147445765
"TM3949","Solitary bees","SOM","V68",2.67883064753474,"TM3949",0.583089435868291
"TM3949","Solitary bees","IDMCO","V68",2.17686239539359,"TM3949",0.586977927348943
"TM3949","Solitary bees","IGSH","V68",0.257995641267245,"TM3949",0.30269063850866
"TM3949","Solitary bees","IGCO","V68",2.55141457481141,"TM3949",0.627893547346741
"TQ1827","Bumblebees","IDMSH","V69",1.95654010210121,"TQ1827",0.229710103853744
"TQ1827","Bumblebees","SOM","V69",0.964986988518319,"TQ1827",0.618951321694613
"TQ1827","Bumblebees","IDMCO","V69",1.61765499587624,"TQ1827",0.453162399383584
"TQ1827","Bumblebees","IGSH","V69",2.04147604839948,"TQ1827",0.365659912954877
"TQ1827","Bumblebees","IGCO","V69",2.23204283043198,"TQ1827",0.29170819726098
"TQ1827","Hoverflies","IDMSH","V69",1.21192661687111,"TQ1827",0.955002095260051
"TQ1827","Hoverflies","SOM","V69",1.29283625815918,"TQ1827",0.728736405594216
"TQ1827","Hoverflies","IDMCO","V69",1.03560840190011,"TQ1827",0.594998661384371
"TQ1827","Hoverflies","IGSH","V69",0.727805031878489,"TQ1827",0.429404169226482
"TQ1827","Hoverflies","IGCO","V69",0.253130954554052,"TQ1827",0.322275157580099
"TQ1827","Solitary bees","IDMSH","V69",1.62998057672555,"TQ1827",0.710041974964759
"TQ1827","Solitary bees","SOM","V69",2.33727442577656,"TQ1827",0.701659780179534
"TQ1827","Solitary bees","IDMCO","V69",2.07748024599336,"TQ1827",0.679420751555538
"TQ1827","Solitary bees","IGSH","V69",0.460184703053781,"TQ1827",0.454160510928186
"TQ1827","Solitary bees","IGCO","V69",2.78859707045423,"TQ1827",0.577677582560666
"TQ3110","Bumblebees","IDMSH","V70",1.95743964472899,"TQ3110",0.218431024355163
"TQ3110","Bumblebees","SOM","V70",1.01896951290963,"TQ3110",0.597028122603373
"TQ3110","Bumblebees","IDMCO","V70",1.62498495569217,"TQ3110",0.440603415257427
"TQ3110","Bumblebees","IGSH","V70",2.12991573066525,"TQ3110",0.31617555619893
"TQ3110","Bumblebees","IGCO","V70",2.32181526638444,"TQ3110",0.215065891072446
"TQ3110","Hoverflies","IDMSH","V70",2.21526551452374,"TQ3110",0.673605696703174
"TQ3110","Hoverflies","SOM","V70",1.19804482115765,"TQ3110",0.68774529630276
"TQ3110","Hoverflies","IDMCO","V70",1.82658270642526,"TQ3110",0.596765989201651
"TQ3110","Hoverflies","IGSH","V70",1.25938051124865,"TQ3110",0.465098443363128
"TQ3110","Hoverflies","IGCO","V70",0.420306531464886,"TQ3110",0.403333341149898
"TQ3110","Solitary bees","IDMSH","V70",1.9025016482826,"TQ3110",0.641264600267138
"TQ3110","Solitary bees","SOM","V70",2.33725828566272,"TQ3110",0.637446386153042
"TQ3110","Solitary bees","IDMCO","V70",2.23959599829267,"TQ3110",0.566431001121524
"TQ3110","Solitary bees","IGSH","V70",0.347206789419417,"TQ3110",0.378409815345527
"TQ3110","Solitary bees","IGCO","V70",2.84850648834958,"TQ3110",0.49598626572519
"TQ4450","Bumblebees","IDMSH","V71",2.00985448260725,"TQ4450",0.231233038361336
"TQ4450","Bumblebees","SOM","V71",1.04097437900827,"TQ4450",0.601546469957082
"TQ4450","Bumblebees","IDMCO","V71",1.59411648785235,"TQ4450",0.452308626817626
"TQ4450","Bumblebees","IGSH","V71",2.03181502081048,"TQ4450",0.362123052968256
"TQ4450","Bumblebees","IGCO","V71",2.23383918638968,"TQ4450",0.287533334004904
"TQ4450","Hoverflies","IDMSH","V71",1.67670469906199,"TQ4450",0.842377562458626
"TQ4450","Hoverflies","SOM","V71",1.41651301103582,"TQ4450",0.72414509379415
"TQ4450","Hoverflies","IDMCO","V71",1.62057214921708,"TQ4450",0.630057686416792
"TQ4450","Hoverflies","IGSH","V71",1.09763772106419,"TQ4450",0.461845369975654
"TQ4450","Hoverflies","IGCO","V71",0.493310021134456,"TQ4450",0.409806696468173
"TQ4450","Solitary bees","IDMSH","V71",1.65483026108524,"TQ4450",0.742528827714213
"TQ4450","Solitary bees","SOM","V71",2.29201479430148,"TQ4450",0.744561556601166
"TQ4450","Solitary bees","IDMCO","V71",2.10048756886568,"TQ4450",0.628159896189339
"TQ4450","Solitary bees","IGSH","V71",0.284838454525255,"TQ4450",0.325005552891353
"TQ4450","Solitary bees","IGCO","V71",2.72417794028149,"TQ4450",0.581851811860498
"TQ8038","Bumblebees","IDMSH","V72",2.0061419582421,"TQ8038",0.224771749903777
"TQ8038","Bumblebees","SOM","V72",1.04561689438698,"TQ8038",0.584440889748729
"TQ8038","Bumblebees","IDMCO","V72",1.57247055955401,"TQ8038",0.465718321916845
"TQ8038","Bumblebees","IGSH","V72",2.02737173118451,"TQ8038",0.358606460238214
"TQ8038","Bumblebees","IGCO","V72",2.2248924947897,"TQ8038",0.282721081088275
"TQ8038","Hoverflies","IDMSH","V72",1.51711407577853,"TQ8038",0.830941911095708
"TQ8038","Hoverflies","SOM","V72",0.844947575307688,"TQ8038",0.763076920207591
"TQ8038","Hoverflies","IDMCO","V72",1.63167091501355,"TQ8038",0.625118308126827
"TQ8038","Hoverflies","IGSH","V72",1.10020082847643,"TQ8038",0.463886474011483
"TQ8038","Hoverflies","IGCO","V72",0.333971134793555,"TQ8038",0.387301095766276
"TQ8038","Solitary bees","IDMSH","V72",1.97396152356443,"TQ8038",0.613572506009192
"TQ8038","Solitary bees","SOM","V72",2.3660689213418,"TQ8038",0.674599213100802
"TQ8038","Solitary bees","IDMCO","V72",1.94264967339109,"TQ8038",0.595571350252671
"TQ8038","Solitary bees","IGSH","V72",0.212114009537794,"TQ8038",0.277616462184923
"TQ8038","Solitary bees","IGCO","V72",1.60190712081344,"TQ8038",0.58386440652211
"TR0534","Bumblebees","IDMSH","V73",1.99187040566352,"TR0534",0.240089427816529
"TR0534","Bumblebees","SOM","V73",0.996816949425419,"TR0534",0.613560296954827
"TR0534","Bumblebees","IDMCO","V73",1.59751089967582,"TR0534",0.458588859311022
"TR0534","Bumblebees","IGSH","V73",2.04096283131804,"TR0534",0.36533379086598
"TR0534","Bumblebees","IGCO","V73",2.24782716314631,"TR0534",0.283199533066202
"TR0534","Hoverflies","IDMSH","V73",1.12364737047081,"TR0534",0.775904781692271
"TR0534","Hoverflies","SOM","V73",1.33690570229739,"TR0534",0.777993588212753
"TR0534","Hoverflies","IDMCO","V73",1.52916367375951,"TR0534",0.677597560832944
"TR0534","Hoverflies","IGSH","V73",1.08801116207575,"TR0534",0.467552963829149
"TR0534","Hoverflies","IGCO","V73",0.278222307302922,"TR0534",0.338479565574927
"TR0534","Solitary bees","IDMSH","V73",1.78885205892498,"TR0534",0.702177586780019
"TR0534","Solitary bees","SOM","V73",2.36890694348578,"TR0534",0.68648785035392
"TR0534","Solitary bees","IDMCO","V73",1.9003298945283,"TR0534",0.596137793134293
"TR0534","Solitary bees","IGSH","V73",0.197068300912283,"TR0534",0.264539166171912
"TR0534","Solitary bees","IGCO","V73",1.8393084175431,"TR0534",0.757902117175275
"TR3149","Bumblebees","IDMSH","V74",1.97900843450798,"TR3149",0.241375258977791
"TR3149","Bumblebees","SOM","V74",1.01093970375929,"TR3149",0.615962299427641
"TR3149","Bumblebees","IDMCO","V74",1.52466414994593,"TR3149",0.48277367006359
"TR3149","Bumblebees","IGSH","V74",1.91552969717263,"TR3149",0.414798508032836
"TR3149","Bumblebees","IGCO","V74",2.09537613051745,"TR3149",0.38482502499251
"TR3149","Hoverflies","IDMSH","V74",0.904447812253855,"TR3149",0.856357380454859
"TR3149","Hoverflies","SOM","V74",0.868395237416096,"TR3149",0.76795015210089
"TR3149","Hoverflies","IDMCO","V74",1.44675394680394,"TR3149",0.635348218273126
"TR3149","Hoverflies","IGSH","V74",1.03213517679403,"TR3149",0.455712975907526
"TR3149","Hoverflies","IGCO","V74",0.394069245960843,"TR3149",0.383981590158739
"TR3149","Solitary bees","IDMSH","V74",1.7062110949992,"TR3149",0.711457986830136
"TR3149","Solitary bees","SOM","V74",2.42155543160655,"TR3149",0.6529252749579
"TR3149","Solitary bees","IDMCO","V74",2.15942659171901,"TR3149",0.61273677805664
"TR3149","Solitary bees","IGSH","V74",0.29107529920704,"TR3149",0.3423249383506
"TR3149","Solitary bees","IGCO","V74",2.54045170799625,"TR3149",0.686183649921888
